run_id;test_id;scenario;scenario_turn;block;test_family;probe_type;intent;question;animal_explicit;expected_animal;expected_scope;response;latency_ms;message_count;response_truncated;message_ids;whatsapp_metadata;send_system_timestamp;system_timestamp;collector_success;collector_note
V3_20260831_083920;A_DECAY_001;A_CONTEXT_DECAY;1;A;anchor;anchor;animal_profile;descrivi la 3118;True;3118;animal;"3118 (L2, DIM 62): stress da calore, probabilità 76 %.

Produce 6,0 kg — attesi 14,8 kg (-8,8 kg, -59 %). Perdita stimata 8,1 kg/giorno.

Segnali: calo produzione acuto -0,28 %, ore di caldo 24 h, perdita prevista ML 8,07 kg/giorno.

Azioni: attivare sistemi di raffreddamento (nebbia + ventilazione) nella zona di pre‑mungere, garantire acqua fresca in più punti, aumentare densità energetica della dieta con concentrati distribuiti nelle ore più fresche, monitorare THI e attivare raffreddamento sopra 72, osservare segni di disidratazione e, se la produzione non migliora entro 48 h, contattare il veterinario.";76544;1;False;F7278873138216D6A2;[08:40, 31/08/2026] Marica Marches: ;2026-08-31T08:39:39;2026-08-31T08:41:03;True;OK
V3_20260831_083920;A_DECAY_002;A_CONTEXT_DECAY;2;A;context_memory;context_probe;daily_milk_yield;quanto produce oggi?;False;3118;animal;"Produzione odierna non ancora registrata.



Ultima misurazione disponibile: 30‑08‑2026 → 6,0 kg di latte (baseline attesa ≈ 14,78 kg, scostamento ‑8,78 kg, ‑59 %).



Controlla che il sensore di raccolta sia operativo e verifica la mungitura di ieri; se il dato di oggi non compare entro le prossime ore, invia nuovamente la richiesta.



Se vuoi approfondisco la situazione delle singole bufale.";21256;1;False;EFBCFCD5B91337E71A;[08:41, 31/08/2026] Marica Marches: ;2026-08-31T08:41:08;2026-08-31T08:41:37;True;OK
V3_20260831_083920;A_DECAY_003;A_CONTEXT_DECAY;3;A;context_memory;context_probe;previous_milk_yield;e ieri?;False;3118;animal;"Dati (30‑08‑2026): produzione 6,0 kg — attesa 14,78 kg, residuo –8,78 kg (–59 %).



Spiegazione: la produzione di ieri è notevolmente inferiore al valore di baseline, indicando un possibile problema di salute, nutrizione o stress ambientale.



Azioni consigliate: controlla le cellule somatiche e la conducibilità del latte, verifica segni di mastite o altri disturbi mammari, assicurati che la dieta sia adeguata e che il ricovero sia privo di stress termico; se la situazione persiste, programma una visita veterinaria.



Se vuoi approfondisco.";34695;1;False;58C02B3D8597E7ADE0;[08:42, 31/08/2026] Marica Marches: ;2026-08-31T08:41:42;2026-08-31T08:42:24;True;OK
V3_20260831_083920;A_DECAY_004;A_CONTEXT_DECAY;4;A;context_memory;context_probe;risk;che rischio ha?;False;3118;animal;"3118: stress da calore, probabilità 76 % (alta).



Calo di produzione -0,28 %; perdita stimata 8,1 kg/giorno.



Segnali: calo produzione acuto -0,28 %; ore di caldo 24 h; perdita prevista ML 8,07 kg/giorno.



Azioni: potenziare ventilazione e nebulizzazione nella zona di pre‑mungere; garantire acqua fresca e pulita in più punti, soprattutto nelle ore più calde; aumentare la densità energetica della razione con concentrati di alta qualità nelle ore fresche, mantenendo la composizione stabile; monitorare THI e la produzione ogni 12 h; se la perdita persiste oltre 48 h chiamare il veterinario.";40296;1;False;2F3A189B041005F141;[08:43, 31/08/2026] Marica Marches: ;2026-08-31T08:42:30;2026-08-31T08:43:17;True;OK
V3_20260831_083920;A_DECAY_005;A_CONTEXT_DECAY;5;A;context_memory;context_probe;risk_reason;qual è la causa principale?;False;3118;animal;"Stress da calore è la causa principale del calo di produzione osservato.

#3118: stress da calore, probabilità 76 %.
 Perdita stimata 8,1 kg/giorno.

 Segnali: probabilità 76 %.

 Azioni: attiva ventilatori e nebulizzatori, acqua fresca continua, aumenta densità energetica della razione nelle ore più fresche.

#1320: stress da calore, probabilità 73 %.
 Perdita stimata 7,7 kg/giorno.

 Segnali: probabilità 73 %.

 Azioni: idem sopra, verifica frequenza respiratoria (< 60 respiri/min).

#3002: stress da calore, probabilità 70 %.
 Perdita stimata 5,1 kg/giorno.

 Segnali: probabilità 70 %.

 Azioni: raffreddamento mirato al pascolo, riduci concentrazione di concentrati nelle ore calde.

#2997: stress da calore, probabilità 68 %.
 Perdita stimata 4,8 kg/giorno.

 Segnali: probabilità 68 %.

 Azioni: mantieni acqua a disposizione, aumenta fibra per stabilizzare la fermentazione ruminale.

#9684: stress da calore, probabilità 67 %.
 Perdita stimata 3,9 kg/giorno.

 Segnali: probabilità 67 %.

 Azioni: utilizza spray di acqua a 8 volte al giorno, monitorizza THI e produzione.



Se vuoi approfondisco singola bufala.";78587;1;False;94689CCC8DA0D898FD;[08:44, 31/08/2026] Marica Marches: ;2026-08-31T08:43:22;2026-08-31T08:44:49;True;OK
V3_20260831_083920;A_DECAY_006;A_CONTEXT_DECAY;6;A;context_memory;context_probe;risk_signals;quali segnali lo supportano?;False;3118;animal;"3118 (heat stress), probabilità 76%



Produzione attuale inferiore dello 0,28 % rispetto al baseline; perdita stimata 8,07 kg/giorno.



Segnali: calo produzione acuto -0,28 %; ore di caldo 24 h; perdita prevista ML 8,07 kg/giorno; residual -48,4 % a 24 h, -51,9 % a 48 h, -54,3 % a 72 h.



Azioni consigliate: aumentare ombra e ventilazione; fornire acqua fresca in abbondanza; attivare nebulizzatori o ventilatori più spesso; monitorare temperatura corporea e consumo d’acqua; rivalutare produzione ogni 12 h.";36830;1;False;2B2EC34572D4F9AE2B;[08:45, 31/08/2026] Marica Marches: ;2026-08-31T08:44:54;2026-08-31T08:45:39;True;OK
V3_20260831_083920;A_DECAY_007;A_CONTEXT_DECAY;7;A;context_memory;context_probe;milk_loss;quanto latte sta perdendo?;False;3118;animal;"3118 (heat stress), probabilità 76%

Produzione attuale inferiore di circa 8,1 kg al giorno rispetto al rendimento atteso (perdita stimata ≈ 8 kg/g)

Segnali: calo produzione acuto -0,28 %; ore di caldo 24 h; perdita prevista 8,07 kg/giorno

Azioni: attiva sistemi di raffrescamento (ventilatori, nebulizzatori o spruzzatori), fornisci acqua fresca, migliora ventilazione/ombreggiamento, valuta riduzione carico termico e monitora la produzione nelle prossime 24 h.";20237;1;False;BA57A4090925B9516A;[08:46, 31/08/2026] Marica Marches: ;2026-08-31T08:45:44;2026-08-31T08:46:11;True;OK
V3_20260831_083920;A_DECAY_008;A_CONTEXT_DECAY;8;A;context_memory;context_probe;production_vs_expected;rispetto all'atteso quanto è sotto?;False;3118;animal;"Dati:

30 agosto 2026: produzione 6,0 kg, E_baseline 14,78 kg, scostamento -8,78 kg, -59,4 %


Spiegazione:

Il risultato è circa 8,8 kg al giorno inferiore al valore atteso, cioè una riduzione del 59 % della produzione prevista. Negli ultimi cinque giorni il deficit è rimasto elevato (da -50 % a -86 %), confermando un calo consistente e prolungato.



Azioni consigliate:

Controlla lo stato di salute della mandria (mastiti, stress termico, nutrizione).
Analizza la conducibilità e la conta delle cellule somatiche nei campioni di latte.
Valuta eventuali interventi terapeutici o aggiustamenti dietetici.


Se vuoi approfondisco una singola bufala.";22821;1;False;212189C2D2F7B674BE;[08:46, 31/08/2026] Marica Marches: ;2026-08-31T08:46:16;2026-08-31T08:46:47;True;OK
V3_20260831_083920;A_DECAY_009;A_CONTEXT_DECAY;9;A;context_memory;context_probe;production_trend;come è cambiata negli ultimi giorni?;False;3118;animal;"Negli ultimi 7 giorni la produzione è rimasta ben al di sotto di quanto previsto dalla curva di lattazione:

24 ago 2026: 10,2 kg — attesi ≈ 15,0 kg (‑4,8 kg, ‑32 %)
25 ago 2026: 3,8 kg — attesi ≈ 15,0 kg (‑11,2 kg, ‑74 %)
26 ago 2026: 7,4 kg — attesi ≈ 14,9 kg (‑7,5 kg, ‑50 %)
27 ago 2026: 5,4 kg — attesi ≈ 14,9 kg (‑9,5 kg, ‑64 %)
28 ago 2026: 5,0 kg — attesi ≈ 14,9 kg (‑9,9 kg, ‑66 %)
29 ago 2026: 2,1 kg — attesi ≈ 14,8 kg (‑12,7 kg, ‑86 %)
30 ago 2026: 6,0 kg — attesi ≈ 14,8 kg (‑8,8 kg, ‑60 %)


Il deficit medio è di circa 8 kg al giorno (‑60 % rispetto al baseline). Tutti i valori di residual_rel sono negativi, segno di una condizione di stress prolungata.



Possibili cause: temperature ambientali elevate (THI > 78 in questo periodo) generano stress termico nelle bufale, riducendo la produzione di latte.



Azioni consigliate

Installare nebulizzatori o spruzzatori d’acqua nelle zone di pre‑mungere e nella stalla; accendere ventilatori a flusso forzato.
Garantire ombra continua e acqua fresca in abbondanza; monitorare eventuali aumenti di consumo […]";32646;1;False;096C5D47D16064B2A8;[08:47, 31/08/2026] Marica Marches: ;2026-08-31T08:46:52;2026-08-31T08:47:32;True;OK
V3_20260831_083920;A_DECAY_010;A_CONTEXT_DECAY;10;A;context_memory;context_probe;risk;quindi qual è la situazione principale adesso?;False;3118;animal;"Dati attuali

#3118 (heat_stress): probabilità 76 % — perdita stimata 8,1 kg/giorno
#1320 (heat_stress): probabilità 73 % — perdita stimata 7,7 kg/giorno
#2516 (mastitis_at_calving): probabilità 65 % — perdita stimata 8,8 kg/giorno


Situazione principale

Lo stress da calore è il problema più diffuso: coinvolge 2 bufale (≈ 66 % dei casi a rischio) e comporta una perdita media di ≈ 7,9 kg di latte al giorno per capo, riducendo notevolmente la produzione dell’intera mandria. La mastite è presente in una sola bufala e, sebbene importante, ha un impatto più limitato rispetto al fenomeno termico diffuso.



Azioni consigliate

Attivare sistemi di raffreddamento immediato (nebulizzatori o mister + ventilatori) nelle zone di stalla più calde e vicino alle stalle di pre‑mungere.
Garantire ombra continua e acqua fresca in abbondanza; monitorare il consumo idrico.
Ridurre temporaneamente la densità energetica della razione per limitare il calore metabolico e aumentare foraggi freschi.
Controllare nei prossimi 24 h la produzione di latte delle bufale 3118 e 1320; se non migliora, intensificare il raffreddamento […]";35969;1;False;824146F1B7A255E7F0;[08:48, 31/08/2026] Marica Marches: ;2026-08-31T08:47:38;2026-08-31T08:48:22;True;OK
V3_20260831_083920;B_SCOPE_001;B_SCOPE_RECOVERY;1;B1;scope_recovery;anchor;animal_profile;descrivi la 3118;True;3118;animal;"3118: stress da calore, probabilità 76 %



Produzione: calo -0,28 % rispetto al previsto; perdita stimata ≈ 8,1 kg/giorno (media 24‑72 h)



Segnali: calo produzione acuto -0,28 %; ore di caldo 24 h; perdita prevista 8,07 kg/giorno



Azioni: attiva subito nebulizzatori o spruzzatori d’acqua e ventilatori a flusso forzato nella zona di pre‑mungere; garantisci acqua fresca e abbondante; offri foraggi freschi e riduci temporaneamente la densità energetica della razione; controlla la produzione nelle prossime 24‑48 h e, se il deficit persiste, chiama il veterinario.";45280;1;False;54511DECD96E6A6550;[08:49, 31/08/2026] Marica Marches: ;2026-08-31T08:48:35;2026-08-31T08:49:27;True;OK
V3_20260831_083920;B_SCOPE_002;B_SCOPE_RECOVERY;2;B1;scope_recovery;animal_probe;daily_milk_yield;quanto produce oggi?;False;3118;animal;"Dati

31/08/2026: nessuna riga nel registro → produzione non registrata.
30/08/2026: 6,0 kg (E baseline 14,78 kg, scostamento ‑8,78 kg, ‑59 %).


Spiegazione

L’assenza di dato per oggi può derivare da un guasto temporaneo del sensore di mungitura o da una sospensione della mungitura (es. “dry‑off” per motivi di salute).



Azioni consigliate

Controlla che il sensore nella zona di pre‑mungere sia attivo e trasmetta correttamente.
Verifica lo stato clinico della bufala (temperatura, respirazione, segni di disidratazione).
Se la mungitura è stata interrotta per gestione, registra la data di ripresa.
Monitora la produzione nelle prossime 24‑48 ore; se persistono mancati dati o deficit, effettua visita veterinaria.


Se vuoi approfondisco il trend degli ultimi giorni.";31127;1;False;754BA4F945C9583038;[08:50, 31/08/2026] Marica Marches: ;2026-08-31T08:49:33;2026-08-31T08:50:11;True;OK
V3_20260831_083920;B_SCOPE_003;B_SCOPE_RECOVERY;3;B1;scope_recovery;scope_switch;herd_risk;quali bufale sono a rischio oggi?;False;;herd;"#3118: stress da calore, probabilità 76 %.
Perdita stimata 8,1 kg di latte al giorno.

Azioni: attiva nebulizzatori e ventilatori, fornisci acqua fresca abbondante, riduci la densità energetica della razione (meno concentrati, più foraggi freschi) e integra con elettroliti; controlla temperatura corporea e frequenza respiratoria almeno due volte al giorno.

#1320: stress da calore, probabilità 73 %.
Perdita stimata 7,7 kg di latte al giorno.

Azioni: come per la 3118 – raffreddamento immediato, dieta a basso calore metabolico, monitoraggio clinico due volte al giorno.

#2516: mastite al parto, probabilità 65 %.
Perdita stimata 8,8 kg di latte al giorno.

Azioni: verifica secrezioni e gonfiore della mammella, preleva campione di latte per coltura e, se necessario, avvia terapia antibiotica intramammaria entro 24 h; mantieni igiene nella stalla e controlla temperatura corporea.



Le tre bufale sono a rischio perché le alte temperature aumentano lo stress termico e favoriscono infezioni mammarie, mentre la mastite al parto può ridurre drasticamente la produzione se non trattata rapidamente […]";33087;1;False;008B546EB4D11C5918;[08:50, 31/08/2026] Marica Marches: ;2026-08-31T08:50:16;2026-08-31T08:50:57;True;OK
V3_20260831_083920;B_SCOPE_004;B_SCOPE_RECOVERY;4;B1;scope_recovery;recovery_probe;daily_milk_yield;tornando alla bufala di cui parlavamo prima, quanto produce oggi?;False;3118;animal;"Dati disponibili: nella tabella non compare alcuna riga per la data odierna (2026‑08‑31). L’ultimo valore registrato è 30‑08‑2026: produzione 6,0 kg (E_baseline ≈ 14,78 kg → residual ‑8,78 kg, ‑59 %).

Verifica che il sensore di mungitura della zona pre‑mungere sia attivo e che la connessione al server non abbia interruzioni; una “dry‑off” temporanea può spiegare l’assenza del dato.
Controlla i parametri clinici della bufala (temperatura corporea, frequenza respiratoria, idratazione) perché il valore di residual negativo è tipico di stress da calore.
Attiva immediatamente nebulizzatori o spray d’acqua e ventilatori a flusso forzato nella zona di pre‑mungere; mantieni il THI sotto 68.
Offri foraggi freschi e suddividi i pasti nelle ore più fresche; limita temporaneamente i concentrati per evitare sovraccarico di rumine.
Registra nuovamente la produzione nelle prossime 24‑48 ore; se il dato continua a mancare o il deficit persiste, contatta il veterinario per una valutazione più approfondita.


Se vuoi approfondisco le possibili cause di perdita di produzione.";35984;1;False;2AE7493203C72B3D05;[08:51, 31/08/2026] Marica Marches: ;2026-08-31T08:51:02;2026-08-31T08:51:47;True;OK
V3_20260831_083920;B_SCOPE_005;B_SCOPE_RECOVERY;5;B2;scope_recovery;anchor;animal_profile;parliamo di nuovo della 3118;True;3118;animal;"3118: stress da calore, probabilità 76 %.



Perdita stimata 8,1 kg di latte al giorno.



Segnali: calo produzione acuto -0,28 %, ore di caldo 24 h, perdita prevista ML 8,07 kg/giorno.



Azioni: attiva nebulizzatori o spruzzi d’acqua nella zona pre‑mungere; aumenta la ventilazione forzata; fornisci acqua fresca e abbondante con beverini a flusso continuo; riduci i concentrati ad alto contenuto energetico e somministra foraggi freschi nelle ore più fresche; aggiungi elettroliti e vitamine (A, E, selenio); controlla temperatura corporea e frequenza respiratoria due volte al giorno; registra la produzione di latte ogni 12 h per valutare il miglioramento.



Se vuoi approfondisco le impostazioni dei sistemi di raffreddamento.";46910;1;False;6EA856D39A1AA090C6;[08:52, 31/08/2026] Marica Marches: ;2026-08-31T08:51:52;2026-08-31T08:52:46;True;OK
V3_20260831_083920;B_SCOPE_006;B_SCOPE_RECOVERY;6;B2;scope_recovery;scope_switch;herd_similar;quali altre bufale hanno una perdita di latte simile?;False;;herd;"#1320: stress da calore, probabilità 73 %, perdita prevista 7,70 kg / giorno (≈ 8 kg, diff 0,37 kg).


La perdita di latte della bufala 1320 è nella stessa fascia di quella della 3118 (≈ 8 kg/giorno) ed è legata allo stesso fattore di stress da calore.



Cosa fare per la 1320 (e per le altre bufale in stress termico)

Raffreddamento intensivo: installa nebulizzatori o pannelli evaporativi nelle aree di pre‑mungere e nei corridoi di alimentazione; usa ventilazione forzata per mantenere il THI sotto 68.
Alimentazione: aumenta la quota di foraggi freschi, distribuisci la razione in più somministrazioni durante le ore più fresche (mattina e tardo pomeriggio) e integra con elettroliti, vitamine A, E e selenio.
Idratazione: garantisci acqua fresca e a flusso continuo; in giornate molto calde considera l’uso di nebulizzatori d’acqua nei punti di alimentazione.
Monitoraggio: controlla due volte al giorno temperatura corporea, frequenza respiratoria e stato di idratazione; registra la produzione di latte ogni 12 h per valutare l’efficacia delle misure.


Se vuoi approfondisco le impostazioni specifiche dei sistemi di nebulizzazione o il piano di integrazione alimentare.";41324;1;False;F0C64B4C3F414EE42E;[08:53, 31/08/2026] Marica Marches: ;2026-08-31T08:52:51;2026-08-31T08:53:40;True;OK
V3_20260831_083920;B_SCOPE_007;B_SCOPE_RECOVERY;7;B2;scope_recovery;recovery_probe;risk;e quella di prima che rischio ha?;False;3118;animal;"3118: stress da calore, probabilità 76%

Perdita stimata 8,1 kg/giorno (predetto dal modello)

Segnali: calo produzione acuto -0,28 %, ore di caldo 24 h, perdita prevista 8,07 kg/giorno

Azioni: attiva nebulizzatori o spruzzi d’acqua nella zona di pre‑mungere e nei corridoi alimentari; potenzia la ventilazione forzata per mantenere il THI sotto 68; garantisci acqua fresca e a flusso continuo, eventuale integrazione di elettroliti; distribuisci la razione in più somministrazioni nelle ore più fresche (mattina presto e tardo pomeriggio) limitando i concentrati ad alto contenuto energetico; somministra vitamine A, E e selenio; monitora temperatura corporea, frequenza respiratoria e stato di idratazione ogni 12 h e registra la produzione di latte; se la perdita supera 48 h contatta il veterinario.";38499;1;False;6FCC5A20C848C763A2;[08:54, 31/08/2026] Marica Marches: ;2026-08-31T08:53:45;2026-08-31T08:54:31;True;OK
V3_20260831_083920;C_ENTITY_001;C_ENTITY_SWITCH;1;C;entity_switch;anchor;animal_profile;descrivi la 3118;True;3118;animal;"3118: stress da calore, probabilità 76 %



Perdita stimata 8,1 kg/giorno (24 h ≈ 7,2 kg, 48 h ≈ 7,7 kg, 72 h ≈ 8,1 kg).



Segnali: calo produzione acuto –0,28 %, ore di caldo 24 h, perdita prevista ML 8,07 kg/giorno.



Azioni: attiva nebulizzatori o spruzzi d’acqua nella zona di pre‑mungere e nei corridoi, potenzia la ventilazione forzata per mantenere il THI sotto 68, garantisci acqua fresca a flusso continuo, riduci i concentrati ad alto contenuto energetico e somministra la razione in più pasti nelle ore più fresche, integra elettroliti e vitamine A, E e selenio, monitora temperatura corporea, frequenza respiratoria e produzione di latte ogni 12 h.



Se vuoi approfondisco.";43445;1;False;C1E87F9CF4EDBC744B;[08:55, 31/08/2026] Marica Marches: ;2026-08-31T08:54:44;2026-08-31T08:55:35;True;OK
V3_20260831_083920;C_ENTITY_002;C_ENTITY_SWITCH;2;C;entity_switch;entity_probe;daily_milk_yield;quanto produce oggi?;False;3118;animal;"Dati – per il 31 ago 2026 non è presente alcuna riga di produzione; il sensore non ha registrato alcun valore.



Spiegazione – negli ultimi tre giorni la produzione è molto sotto la curva attesa:

30 ago 2026 6,0 kg (attesi 14,78 kg, -8,78 kg, -59 %);

29 ago 2026 2,1 kg (attesi 14,82 kg, -12,72 kg, -86 %);

28 ago 2026 5,0 kg (attesi 14,86 kg, -9,86 kg, -66 %).

I residui negativi superiori al –50 % indicano possibile stress da calore o guasto del sensore.



Azioni consigliate

Controlla che il sensore di mungitura sia alimentato e collegato; verifica eventuali messaggi di errore.
Esegui un esame clinico: temperatura corporea, frequenza respiratoria, stato di idratazione; se emergono segni di stress termico, attiva nebulizzatori, ventilazione e integrazione di elettroliti.
Registra nuovamente la produzione nelle prossime 12‑24 h; se rimane assente o molto bassa, chiama il veterinario.


Se vuoi una previsione per le prossime 24‑48 h oppure dettagli su come gestire lo stress da calore, fammi sapere.";36541;1;False;476FFF25BAF6E6D273;[08:56, 31/08/2026] Marica Marches: ;2026-08-31T08:55:40;2026-08-31T08:56:25;True;OK
V3_20260831_083920;C_ENTITY_003;C_ENTITY_SWITCH;3;C;entity_switch;entity_switch;animal_profile;ora passa alla 2516;True;2516;animal;"2516: mastite al parto, probabilità 65%.

Produce 1,8 kg — attesi 12,3 kg (-10,5 kg, -85%). Perdita stimata 8,8 kg/giorno.

Segnali: scostamento dalla curva -85%, residual -10,5 kg, produzione molto sotto la media.

Azioni: controlla condu‑cibilità e SCC, preleva campione di latte per coltura, isola la bufala, pulisci e disinfetta la stazione di mungitura, contatta il veterinario per terapia antibiotica (eventuale infusione intramammaria) e somministra integratori energetici e vitamine.

Se vuoi approfondisco.";55012;1;False;36B98209866C8D5FC8;[08:57, 31/08/2026] Marica Marches: ;2026-08-31T08:56:30;2026-08-31T08:57:32;True;OK
V3_20260831_083920;C_ENTITY_004;C_ENTITY_SWITCH;4;C;entity_switch;entity_probe;daily_milk_yield;quanto produce oggi?;False;2516;animal;Oggi non è stato registrato alcun valore di produzione per le tue bufale (la tabella dei dati giornalieri è vuota). Verifica lo stato del sensore di mungitura e, se necessario, controlla clinicamente gli animali per escludere asciuttezza o problemi di salute. Se vuoi approfondisco le possibili cause e le azioni correttive.;39139;1;False;80D4275B7BC60F7F4F;[08:58, 31/08/2026] Marica Marches: ;2026-08-31T08:57:37;2026-08-31T08:58:24;True;OK
V3_20260831_083920;C_ENTITY_005;C_ENTITY_SWITCH;5;C;entity_switch;entity_probe;risk;che rischio ha?;False;2516;animal;"Le tre bufale in analisi hanno i seguenti rischi (scoring 25 ago 2026).

2516: mastite al parto, probabilità 65 %.

Perdita stimata 8,8 kg/giorno.

Segnali: non disponibili.

Isola la bufala, pulisci la stazione di mungitura, preleva latte per coltura e avvia terapia antibiotica (intravite o intramammaria) più integrazione di vitamine A/E e zinco; controlla quotidianamente conducibilità e produzione.

3118: stress da calore, probabilità 76 %.

Perdita stimata 8,1 kg/giorno.

Segnali: non disponibili.

Attiva ventilazione/fans, nebulizzatori o raffrescamento evaporativo, garantisci acqua fresca illimitata, integra dietariamente NFC e grassi protetti o betaina; monitora THI più volte al giorno e registra consumo.

1320: stress da calore, probabilità 73 %.

Perdita stimata 7,7 kg/giorno.

Segnali: non disponibili.

Applica le stesse misure di raffreddamento e nutrizione indicate per la #3118; verifica idratazione e consumo di elettroliti.



Riepilogo azioni immediate

Verifica sensori di mungitura per le tre bufale.
Esegui esame clinico e prelievo latte per la #2516 entro 12 h.
Attiva sistemi di raffrescamento e assicurati acqua fresca per #3118 e #1320 […]";58242;1;False;BFD5CA8C7186AE1962;[08:59, 31/08/2026] Marica Marches: ;2026-08-31T08:58:29;2026-08-31T08:59:35;True;OK
V3_20260831_083920;C_ENTITY_006;C_ENTITY_SWITCH;6;C;entity_switch;entity_switch;animal_profile;torna alla 3118;True;3118;animal;"3118 (L2, DIM 62): stress da calore, probabilità 76 %.

Produce 4,05 kg / giorno — attesi 6,78 kg / giorno (-2,73 kg, -40 %). Perdita stimata 8,1 kg / giorno.

Segnali: residuo relativo ultimi 2 gg –72,6 %, residuo medio 14 gg –55,0 %, calo produzione rispetto al riferimento.

Azioni: verifica sensore e registra manualmente la mungitura odierna; attiva raffreddamento (ventilazione forzata + nebulizzatori) nelle aree di pre‑mungere e alimentazione; garantisci acqua fresca illimitata; aumenta densità energetica della razione (grassi protetti, integratori vitamine A E, zinco, selenio) e distribuisci i pasti nelle ore più fresche; monitora THI, conduttività latte e produzione per i prossimi 2‑3 gg.



Se vuoi approfondisco le specifiche per il sistema di evaporazione.";44452;1;False;559AF37F6777CA1316;[09:00, 31/08/2026] Marica Marches: ;2026-08-31T08:59:40;2026-08-31T09:00:32;True;OK
V3_20260831_083920;C_ENTITY_007;C_ENTITY_SWITCH;7;C;entity_switch;entity_probe;daily_milk_yield;quanto produce oggi?;False;3118;animal;"Dati – nessuna lettura di produzione per il 31‑ago‑2026. L’ultima mungitura registrata è il 30‑ago con 6,0 kg (E_baseline 14,78 kg, residual ‑8,78 kg, ‑59 %).



Spiegazione – l’assenza di valore indica che il sensore non ha inviato la misura (guasto, disconnessione o mancata lettura). Senza dato non è possibile fornire la produzione odierna.



Azioni consigliate

Controlla subito il sensore di mungitura: verifica alimentazione, connessioni e pulizia della testa di estrazione.
Se il sensore è fuori uso, pesa manualmente il latte prodotto oggi e registra il valore nel registro.
Attiva le misure di riduzione dello stress termico:
ventilazione forzata e nebulizzatori nelle aree di pre‑mungere e alimentazione;
acqua fresca illimitata, preferibilmente con beverini refrigerati;
aumenta la densità energetica della razione (grassi protetti, vitamine A/E, zinco, selenio) e distribuisci i pasti nelle ore più fresche;
monitora più volte al giorno l’indice THI e intensifica il raffreddamento se supera la soglia critica;
osserva segni clinici (respiro accelerato, minore ingestione, letargia) e avvisa il veterinario se necessario […]";59284;1;False;3D9EE8BE186C9B4BA1;[09:01, 31/08/2026] Marica Marches: ;2026-08-31T09:00:37;2026-08-31T09:01:45;True;OK
V3_20260831_083920;C_ENTITY_008;C_ENTITY_SWITCH;8;C;entity_switch;entity_switch;animal_profile;ora passa di nuovo alla 2516;True;2516;animal;"2516: mastite al parto, probabilità 65%



Produzione stimata 8,8 kg/giorno inferiore al valore atteso (perdita prevista).



Segnali: scostamento medio 10 gg -0,87 %, perdita prevista 8,78 kg/giorno, conducibilità persistente 0,81 z‑score.



Azioni:

Isolare la bufala in zona dedicata e igienizzare la stazione di mungitura prima e dopo ogni utilizzo.
Munire ogni 2 ore per svuotare il quarto.
Terapia antibiotica intramamaria a spettro ristretto (es. ampicillina‑sulbactam) secondo indicazioni veterinarie; se la mastite è grave valutare anche iniezione sistemica.
Somministrare FANS (es. flunixin) e 20 UI di ossitocina intramuscolare subito dopo la mungitura.
Prelevare latte per coltura e antibiogramma entro 12 h.
Monitorare quotidianamente conducibilità e residuo; se non si osservano miglioramenti, rivalutare il regime terapeutico.
Integrare la dieta con vitamine A ed E, zinco e adeguato apporto energetico.


Se vuoi approfondisco il protocollo terapeutico o il monitoraggio nei giorni successivi.";55810;1;False;6E8BD5FD7B481CA5DB;[09:02, 31/08/2026] Marica Marches: ;2026-08-31T09:01:50;2026-08-31T09:02:54;True;OK
V3_20260831_083920;C_ENTITY_009;C_ENTITY_SWITCH;9;C;entity_switch;previous_entity_probe;daily_milk_yield;e l'altra invece, quanto produce oggi?;False;3118;animal;"#3118: 6,0 kg — attesi 14,78 kg (-8,78 kg, -59,4 %)
3118 (heat stress), probabilità 76%

Produce 6,0 kg — attesi 14,78 kg (-8,78 kg, -59,4 %). Perdita stimata 7‑8 kg/giorno.

Segnali: calo produzione acuto -0,28 %, ore di caldo 24,0 h, perdita prevista 8,07 kg/giorno.

Aumenta ventilazione e nebulizzatori in pre‑mungere e alimentazione, fornisci acqua fresca illimitata, concentra la razione energetica nelle ore più fresche, monitora THI e produzione più volte al giorno; se la perdita supera 7 kg per 48 h chiama il veterinario.



Se vuoi approfondisco le impostazioni dei sistemi di raffreddamento.";64820;1;False;405606E6376089FCD8;[09:04, 31/08/2026] Marica Marches: ;2026-08-31T09:02:59;2026-08-31T09:04:11;True;OK
V3_20260831_083920;D_NOISE_001;D_NOISE_RETENTION;1;D1;noise_retention;anchor;animal_profile;descrivi la 3118;True;3118;animal;"3118: heat stress, probabilità 76%



Perdita stimata 8,1 kg/giorno (modello)



Segnali: calo produzione acuto -0,28 %, ore di caldo 24 h, perdita prevista ML 8,07 kg/giorno



Azioni: attiva ventilazione e nebulizzatori nella stalla; fornisci acqua fresca illimitata con beverini refrigerati; aumenta densità energetica della razione con grassi protetti e vitamine antiossidanti; somministra i pasti nelle ore più fresche (prima dell’alba e al tramonto); monitora THI e produzione ogni 12 h, segnala al veterinario se la perdita supera 7 kg/giorno per più di 48 h.



Se vuoi approfondisco…";64959;1;False;1010490918DDFE4995;[09:05, 31/08/2026] Marica Marches: ;2026-08-31T09:04:24;2026-08-31T09:05:36;True;OK
V3_20260831_083920;D_NOISE_002;D_NOISE_RETENTION;2;D1;noise_retention;noise;acknowledgement;ok;False;;neutral;Perfetto, fammi sapere se vuoi approfondire qualche aspetto della mandria o dei protocolli terapeutici. Se vuoi approfondisco…;12362;1;False;CDDF5C5317B64E29C6;[09:05, 31/08/2026] Marica Marches: ;2026-08-31T09:05:42;2026-08-31T09:06:01;True;OK
V3_20260831_083920;D_NOISE_003;D_NOISE_RETENTION;3;D1;noise_retention;noise_recovery_probe;daily_milk_yield;quanto produce oggi?;False;3118;animal;"#3118: 6,0 kg — attesi 14,78 kg (-8,78 kg, -59,4 %)


Produzione odierna 6,0 kg, valore atteso dalla curva di lattazione 14,78 kg; scostamento -8,78 kg, cioè -59,4 % rispetto al baseline. Il calo è coerente con il segnale di heat stress rilevato.



Azioni consigliate: aumenta l’ombreggiatura nella stalla, garantisci acqua fresca e abbondante, verifica la ventilazione e, se possibile, riduci la dieta energetica per limitare il calore interno; considera integrazione elettrolitica e controlla la temperatura corporea delle bufale nelle prossime mungiture.



Se vuoi approfondisco.";26572;1;False;5699ADDB4E6775EDB0;[09:06, 31/08/2026] Marica Marches: ;2026-08-31T09:06:06;2026-08-31T09:06:40;True;OK
V3_20260831_083920;D_NOISE_004;D_NOISE_RETENTION;4;D3;noise_retention;anchor;animal_profile;descrivi la 3118;True;3118;animal;"3118 (L2, DIM 62): 6,0 kg — attesi 14,78 kg (-8,78 kg, -59%)

3118 (L2, DIM 62): heat stress, probabilità 76 %

Produce 6,0 kg — attesi 14,78 kg (-8,78 kg, -59%). Perdita stimata 8,1 kg/giorno.

Segnali: residuo -8,78 kg (-59 %), conduttività 7,8 (normale), produzione continuamente sotto la baseline negli ultimi 5 giorni, DIM 62.

Azioni: attiva subito sistemi di raffreddamento (ventilazione forzata, nebulizzatori); garantisci acqua fresca e abbondante 24 h; aumenta densità energetica della razione con grassi protetti e vitamine E/seleni; sposta i pasti alle ore più fresche (prima alba e tramonto); monitora THI ogni 12 h e la produzione; se la perdita rimane > 7 kg/giorno, contatta il veterinario.



Se vuoi approfondisco un piano di monitoraggio più dettagliato.";49595;1;False;40613F8EB2BA745BB7;[09:07, 31/08/2026] Marica Marches: ;2026-08-31T09:06:45;2026-08-31T09:07:42;True;OK
V3_20260831_083920;D_NOISE_005;D_NOISE_RETENTION;5;D3;noise_retention;noise;acknowledgement;ok;False;;neutral;Perfetto! Se hai altre domande sulla produzione, sui segnali di salute o su eventuali interventi, fammi sapere. Sono a disposizione.;12296;1;False;45A3BCFEB3F2A5436F;[09:08, 31/08/2026] Marica Marches: ;2026-08-31T09:07:47;2026-08-31T09:08:07;True;OK
V3_20260831_083920;D_NOISE_006;D_NOISE_RETENTION;6;D3;noise_retention;noise;acknowledgement;capito;False;;neutral;Sì, ho capito.;11759;1;False;0BDBBABA5C26C71096;[09:08, 31/08/2026] Marica Marches: ;2026-08-31T09:08:12;2026-08-31T09:08:31;True;OK
V3_20260831_083920;D_NOISE_007;D_NOISE_RETENTION;7;D3;noise_retention;noise;acknowledgement;grazie;False;;neutral;Di nulla! Se vuoi approfondisco…;10842;1;False;A0DF6DB0C4F1003E4A;[09:08, 31/08/2026] Marica Marches: ;2026-08-31T09:08:36;2026-08-31T09:08:55;True;OK
V3_20260831_083920;D_NOISE_008;D_NOISE_RETENTION;8;D3;noise_retention;noise_recovery_probe;risk;che rischio ha?;False;3118;animal;Per darti informazioni precise ho bisogno di sapere a quale bufala ti riferisci. Mi puoi indicare il numero di identificazione (animal_number) della bufala di cui vuoi conoscere il rischio?;14331;1;False;A0CBEBB95F66AAEE87;[09:09, 31/08/2026] Marica Marches: ;2026-08-31T09:09:00;2026-08-31T09:09:22;True;OK
V3_20260831_083920;D_NOISE_009;D_NOISE_RETENTION;9;D5;noise_retention;anchor;animal_profile;descrivi la 3118;True;3118;animal;"3118: stress da caldo, probabilità 76%



Perdita stimata ≈ 8 kg di latte al giorno (media previsioni 7,2‑8,1 kg/g).



Segnali: calo produzione acuto –0,28 %, ore di caldo 24 h, perdita prevista 8,07 kg/giorno.



Azioni: installare o potenziare pannelli evaporativi o nebulizzatori con buona ventilazione; assicurare acqua fresca illimitata in più punti; offrire foraggi più volte al mattino presto o sera, aumentando la concentrazione energetica e senza variazioni brusche della razione; monitorare THI e la produzione nelle prossime 48 h, intervenendo con ulteriore raffreddamento se il calo supera –10 %; se persiste, consultare il veterinario per eventuali integratori vitaminici/minerali.



Se vuoi approfondisco ulteriori dettagli.";38110;1;False;98D1BBD0F9147A7EF7;[09:10, 31/08/2026] Marica Marches: ;2026-08-31T09:09:27;2026-08-31T09:10:12;True;OK
V3_20260831_083920;D_NOISE_010;D_NOISE_RETENTION;10;D5;noise_retention;noise;acknowledgement;ok;False;;neutral;"#3118: heat_stress, probabilità 76 % — perdita prevista 8,1 kg/giorno
#1320: heat_stress, probabilità 73 % — perdita prevista 7,7 kg/giorno
#3002: heat_stress, probabilità 70 % — perdita prevista 5,1 kg/giorno
#2997: heat_stress, probabilità 68 % — perdita prevista 4,8 kg/giorno
#9684: heat_stress, probabilità 67 % — perdita prevista 3,9 kg/giorno


Azioni consigliate:

Installare o potenziare pannelli evaporativi e ventilatori nelle zone di mungitura e di alimentazione.
Attivare nebulizzatori o spruzzatori nelle ore più calde (pomeriggio) per aumentare lo scambio latente di calore.
Garantire acqua fresca illimitata, distribuendo più punti d’erogazione all’ombra.
Offrire foraggi più concentrati e ad alta densità energetica nelle ore fresche (prima mattina o sera); suddividere la razione in più piccoli pasti e evitare variazioni brusche.
Monitorare quotidianamente THI, consumo d’acqua e segni di respirazione accelerata; se la perdita supera il 10 % della produzione attesa, intensificare le misure di raffreddamento e valutare integratori vitaminici/minerali.
Se il calo persiste oltre 48 h nonostante le misure, contattare il veterinario […]";43484;1;False;337E285BD036F7AA63;[09:11, 31/08/2026] Marica Marches: ;2026-08-31T09:10:17;2026-08-31T09:11:09;True;OK
V3_20260831_083920;D_NOISE_011;D_NOISE_RETENTION;11;D5;noise_retention;noise;acknowledgement;capito;False;;neutral;Perfetto, fammi sapere se vuoi approfondire qualche aspetto.;13795;1;False;9374BB43EE054DAAB5;[09:11, 31/08/2026] Marica Marches: ;2026-08-31T09:11:14;2026-08-31T09:11:36;True;OK
V3_20260831_083920;D_NOISE_012;D_NOISE_RETENTION;12;D5;noise_retention;noise;acknowledgement;grazie;False;;neutral;"Di nulla, a presto.

Se vuoi approfondire qualche aspetto, fammi sapere.";11284;1;False;DF99C0CEEC70E74E8D;[09:11, 31/08/2026] Marica Marches: ;2026-08-31T09:11:41;2026-08-31T09:12:00;True;OK
V3_20260831_083920;D_NOISE_013;D_NOISE_RETENTION;13;D5;noise_retention;noise;acknowledgement;bene;False;;neutral;Ottimo! Se in futuro hai domande su produzione, salute delle tue bufale o su come ottimizzare la gestione della stalla, sono qui per aiutarti. Buon lavoro!;12262;1;False;41A799F5EE69CB8032;[09:12, 31/08/2026] Marica Marches: ;2026-08-31T09:12:05;2026-08-31T09:12:25;True;OK
V3_20260831_083920;D_NOISE_014;D_NOISE_RETENTION;14;D5;noise_retention;noise;acknowledgement;perfetto;False;;neutral;Ok, resto a disposizione per qualsiasi altra informazione o supporto.;12689;1;False;3EB341647A35CC0600;[09:12, 31/08/2026] Marica Marches: ;2026-08-31T09:12:30;2026-08-31T09:12:50;True;OK
V3_20260831_083920;D_NOISE_015;D_NOISE_RETENTION;15;D5;noise_retention;noise_recovery_probe;daily_milk_yield;quanto produce oggi?;False;3118;animal;"Oggi non ci sono ancora registrazioni di produzione nella stalla, quindi non è possibile fornire un valore per la resa odierna.



L’ultimo dato disponibile (30 agosto 2026) indica una produzione totale di 2 636 kg di latte da 443 bufale. Quando i dati di oggi saranno disponibili, aggiornerò il valore.



Se vuoi approfondire…";21581;1;False;5DD603905BE1E10EA1;[09:13, 31/08/2026] Marica Marches: ;2026-08-31T09:12:55;2026-08-31T09:13:25;True;OK
V3_20260831_083920;E_PARA_001;E_PARAPHRASE_PRODUCTION;1;E;paraphrase;paraphrase_probe;daily_milk_yield;Quanto produce oggi la 3118?;True;3118;animal;"Al 31 ago 2026 non è ancora presente una registrazione per la bufala 3118, quindi non posso indicare la produzione odierna.



Ultimi cinque valori disponibili:

30‑ago‑2026 (L2, DIM 62): 6,0 kg — scostamento ‑59 %
29‑ago‑2026 (L2, DIM 61): 2,1 kg — scostamento ‑86 %
28‑ago‑2026 (L2, DIM 60): 5,0 kg — scostamento ‑66 %
27‑ago‑2026 (L2, DIM 59): 5,4 kg — scostamento ‑64 %
26‑ago‑2026 (L2, DIM 58): 7,4 kg — scostamento ‑50 %


La produzione è notevolmente al di sotto di quanto previsto dalla curva di lattazione (residui relativi negativi). Quando il dato di oggi verrà inserito, ti fornirò l’aggiornamento.



Se vuoi approfondire l’andamento recente o confronti con la media della stessa fase di lattazione, fammi sapere.";31474;1;False;0C46AAA1933163FC00;[09:14, 31/08/2026] Marica Marches: ;2026-08-31T09:13:38;2026-08-31T09:14:17;True;OK
V3_20260831_083920;E_PARA_002;E_PARAPHRASE_PRODUCTION;2;E;paraphrase;paraphrase_probe;daily_milk_yield;Quanti kg di latte ha fatto oggi la 3118?;True;3118;animal;"3118: nessun dato per il 31‑08‑2026. L’ultimo valore registrato (30‑08‑2026) è 6,0 kg, residuo ‑59 % (attesi ≈ 14,8 kg, ‑8,8 kg).



Se vuoi approfondisco l’andamento degli ultimi giorni.";26189;1;False;2C0BBD5E32274B7473;[09:14, 31/08/2026] Marica Marches: ;2026-08-31T09:14:22;2026-08-31T09:14:56;True;OK
V3_20260831_083920;E_PARA_003;E_PARAPHRASE_PRODUCTION;3;E;paraphrase;paraphrase_probe;daily_milk_yield;3118 produzione oggi?;True;3118;animal;"#3118: 6,0 kg — attesi ≈ 14,8 kg (-8,8 kg, -59 %)


Oggi (31 agosto 2026) non è ancora presente una registrazione per la bufala 3118, quindi non posso indicare la produzione odierna.



L’ultimo dato disponibile (30 agosto 2026) è 6,0 kg con un residuo di -59 % rispetto alla produzione attesa di ≈ 14,8 kg.



Se vuoi approfondisco l’andamento degli ultimi giorni.";30795;1;False;4D9E78876E5BF95B9D;[09:15, 31/08/2026] Marica Marches: ;2026-08-31T09:15:01;2026-08-31T09:15:39;True;OK
V3_20260831_083920;E_PARA_004;E_PARAPHRASE_PRODUCTION;4;E;paraphrase;paraphrase_probe;daily_milk_yield;La 3118 oggi quanto mi ha fatto?;True;3118;animal;"3118 non ha ancora una registrazione per il 31‑08‑2026, quindi non posso indicare la produzione odierna.



Ultimo dato disponibile (30‑08‑2026):

Produzione: 6,0 kg di latte — attesa 14,78 kg (-8,78 kg, -59 %).


Se vuoi approfondisco l’andamento delle ultime giornate.";24170;1;False;26161AAFC7E1BD50C4;[09:16, 31/08/2026] Marica Marches: ;2026-08-31T09:15:44;2026-08-31T09:16:16;True;OK
V3_20260831_083920;E_PARA_005;E_PARAPHRASE_PRODUCTION;5;E;paraphrase;paraphrase_probe;daily_milk_yield;Oggi la 3118 quanto ha prodotto?;True;3118;animal;"Nessuna registrazione per la bufala 3118 del 31‑08‑2026.



Ultimo dato disponibile (30‑08‑2026):

Produzione totale: 6,0 kg
Attesa (E baseline): 14,78 kg
Scostamento: -8,78 kg (‑59 %)


Verifica che la mungitura della 3118 sia stata registrata correttamente; se il valore è assente, inseriscilo appena possibile e monitora l’andamento nei prossimi giorni. Se vuoi approfondire l’andamento degli ultimi giorni, fammi sapere.";17430;1;False;4344B8683F1B0B043D;[09:16, 31/08/2026] Marica Marches: ;2026-08-31T09:16:21;2026-08-31T09:16:46;True;OK
V3_20260831_083920;E_PARA_006;E_PARAPHRASE_PRODUCTION;6;E;paraphrase;paraphrase_probe;daily_milk_yield;Qual è la produzione giornaliera della 3118?;True;3118;animal;"30‑08‑2026: 6,0 kg — attesi 14,78 kg (‑8,78 kg, ‑59 %).
29‑08‑2026: 2,1 kg — attesi 14,82 kg (‑12,72 kg, ‑86 %).
28‑08‑2026: 5,0 kg — attesi 14,86 kg (‑9,86 kg, ‑66 %).
27‑08‑2026: 5,4 kg — attesi 14,90 kg (‑9,50 kg, ‑64 %).
26‑08‑2026: 7,4 kg — attesi 14,94 kg (‑7,54 kg, ‑50 %).
25‑08‑2026: 3,8 kg — attesi 14,98 kg (‑11,18 kg, ‑75 %).
24‑08‑2026: 10,2 kg — attesi 15,01 kg (‑4,81 kg, ‑32 %).


Per il 31‑08‑2026 non è presente alcuna registrazione di mungitura per la bufala 3118; verifica se il dato è stato inserito e, appena disponibile, potrò aggiornare l’andamento.



Se vuoi approfondire trend o previsioni, fammi sapere.";28167;1;False;61A269F325C684AD4A;[09:17, 31/08/2026] Marica Marches: ;2026-08-31T09:16:51;2026-08-31T09:17:27;True;OK
V3_20260831_083920;E_PARA_007;E_PARAPHRASE_PRODUCTION;7;E;paraphrase;paraphrase_probe;daily_milk_yield;Mi dai la produzione odierna della 3118?;True;3118;animal;"Al momento non risulta alcuna registrazione di mungitura per la bufala 3118 del 31‑08‑2026, quindi non è possibile indicare la produzione odierna.



Se il dato è stato inserito ma non è ancora visibile, attendi qualche minuto e poi chiedi nuovamente; appena sarà presente potrò fornirti la produzione di oggi.



Se vuoi approfondire dati storici o segnali relativi, fammi sapere.";18549;1;False;45FC97C39989CC90ED;[09:17, 31/08/2026] Marica Marches: ;2026-08-31T09:17:32;2026-08-31T09:17:58;True;OK
V3_20260831_083920;E_PARA_008;E_PARAPHRASE_PRODUCTION;8;E;paraphrase;paraphrase_probe;daily_milk_yield;3118 quanti kg oggi?;True;3118;animal;"Nessuna registrazione di mungitura per la bufala 3118 del 31‑08‑2026; non è possibile indicare quanti kg ha prodotto oggi. Se il dato è stato appena inserito, attendi qualche minuto e riprova.";14854;1;False;353E34ECCC0DEFB4E7;[09:18, 31/08/2026] Marica Marches: ;2026-08-31T09:18:03;2026-08-31T09:18:26;True;OK
V3_20260831_083920;E_PARA_009;E_PARAPHRASE_PRODUCTION;9;E;paraphrase;paraphrase_probe;daily_milk_yield;Quanto latte ha prodotto oggi la 3118?;True;3118;animal;"Al momento non risulta alcuna registrazione di mungitura per la bufala 3118 del 31‑08‑2026, quindi non è possibile indicare la produzione di oggi. Se il dato è stato appena inserito, attendi qualche minuto e poi chiedi nuovamente; appena sarà disponibile potrò fornirti il valore. Se vuoi approfondisco…";30806;1;False;15E417E213BD552B7A;[09:18, 31/08/2026] Marica Marches: ;2026-08-31T09:18:31;2026-08-31T09:19:09;True;OK
V3_20260831_083920;E_PARA_010;E_PARAPHRASE_PRODUCTION;10;E;paraphrase;paraphrase_probe;daily_milk_yield;quanto ha prodoto oggi la 3118?;True;3118;animal;"Nessuna registrazione di mungitura per la bufala 3118 è presente per oggi, quindi non è disponibile il valore di produzione. Se il dato è stato appena inserito, attendi qualche minuto e poi riprova; non appena sarà disponibile potrò indicarti la quantità prodotta.



Se vuoi approfondisco…";15995;1;False;A5BB1598BE3DB27785;[09:19, 31/08/2026] Marica Marches: ;2026-08-31T09:19:14;2026-08-31T09:19:38;True;OK
V3_20260831_083920;E_PARA_011;E_PARAPHRASE_PRODUCTION;11;E;paraphrase;paraphrase_probe;daily_milk_yield;Produzione della 3118 nelle ultime 24 ore?;True;3118;animal;"#3118: 6,0 kg


Nelle ultime 24 ore (fino al 31‑08‑2026) la bufala 3118 ha prodotto 6,0 kg di latte (rilevato il 30‑08‑2026). L’intervallo considerato comprende 1 bufala.



Se vuoi approfondisco.";17664;1;False;1DF78FCC92BF6EC19A;[09:20, 31/08/2026] Marica Marches: ;2026-08-31T09:19:43;2026-08-31T09:20:08;True;OK
V3_20260831_083920;E_PARA_012;E_PARAPHRASE_PRODUCTION;12;E;paraphrase;paraphrase_probe;daily_milk_yield;La 3118, oggi, a quanti kg è arrivata?;True;3118;animal;Per la bufala 3118 non ci sono registrazioni di produzione per il 31‑08‑2026, quindi il valore non è disponibile. Se il dato è stato appena inserito attendi qualche minuto e riprova.;17887;1;False;44ACD074E10DA2FA53;[09:20, 31/08/2026] Marica Marches: ;2026-08-31T09:20:13;2026-08-31T09:20:39;True;OK
