run_id;run_mode;sequence_no;attempt_no;attempt_uid;test_id;case_id;area;suite_type;scenario;scenario_turn;block;variant_index;variant_type;variant_source;previously_executed;prior_validated;prior_result;source_case_id;source_mapping;question;evaluation_profile;expected_scope;expected_animal;input_data;expected_behavior;expected_fields;fallback;guardrail;support_current;probe_type;response;latency_ms;message_count;response_truncated;message_ids;whatsapp_metadata;send_system_timestamp;system_timestamp;collector_success;collector_note;collector_status;semantic_status;scope_status;animal_status;detected_scope;detected_animals;response_class;guardrail_flags;core_status;overall_status;error_flags
AUTO_20260831_140744;smoke;1;1;SEL_MUNG_001_V0_A1;SEL_MUNG_001_V0;SEL_MUNG_001;MUNGITURA;functional;FUNCTIONAL_MUNGITURA;;SEL_MUNG_001;0;canonical;manual_selected;False;False;;MUNG_007;adapted;quante vacche/bufale hanno prodotto poco?;low_milking_yield_list;herd;;lista animali, produzione baseline, produzione attesa, media mandria, media gruppo, animal ID, gruppo, DIM;"L'ultima sessione di mungitura ha registrato ""#n animali"" con una bassa produzione. Ecco i peggiori:";Animale | DIM | Gruppo | Ultima mungitura | Latte ultima mungitura | Atteso | Differenza | Intervallo mungitura;Mancano produzione ultima mungitura o baseline attesa.;"Non usare produzione per mungitura isolata come segnale clinico. Non usare priorità alta/media/bassa o score non implementati; ordinare solo per metrica disponibile.";Supportato se dati robot presenti;canonical;"392 bufale hanno prodotto poco nel periodo di rilevazione.



Se vuoi approfondisco i singoli animali più a rischio.";64712;1;False;49FB2AEABB0835D5F2;[14:09, 31/08/2026] Marica Marches: ;2026-08-31T14:08:02;2026-08-31T14:09:15;True;OK;PASS;FAIL;PASS;N/A;herd_query;392;results;;FAIL;FAIL;
AUTO_20260831_140744;smoke;2;1;SEL_MUNG_002_V0_A1;SEL_MUNG_002_V0;SEL_MUNG_002;MUNGITURA;functional;FUNCTIONAL_MUNGITURA;;SEL_MUNG_002;0;canonical;manual_selected;False;False;;MUNG_003;adapted;quali vacche/bufale hanno saltato la mungitura?;missed_or_reduced_milkings;herd;;ID, DIM, media milk sessions gruppo, numero sessioni di mungitura;Gli animali con un numero minore di sessioni registrate sono i seguenti:  . (se robot: controlla il loro stato di salute o il funzionamento del robot);Animale | DIM | Parità | Gruppo | Mungiture 24h | Baseline mungiture | Differenza | Ultima mungitura | Note;Manca baseline individuale delle mungiture o conteggio ultime 24h.;"Non diagnosticare zoppia o malattia solo da riduzione mungiture. Non usare priorità alta/media/bassa o score non implementati; ordinare solo per metrica disponibile.";Supportato se dati robot presenti;canonical;"Nel periodo più recente disponibile (24 agosto 2026 – 30 agosto 2026) non sono presenti record con milking_visits_count = 0; quindi nessuna bufala ha saltato la mungitura in questi giorni.



Se vuoi verificare un intervallo più ampio o impostare una soglia diversa (es. meno di 2 visite al giorno), fammi sapere e provvedo a estrarre i dati corrispondenti.";36160;1;False;E9C9109C78438C2C1E;[14:09, 31/08/2026] Marica Marches: ;2026-08-31T14:09:20;2026-08-31T14:10:04;True;OK;PASS;PASS;PASS;N/A;herd_query;;no_data;;PASS;PASS;
AUTO_20260831_140744;smoke;3;1;SEL_MUNG_003_V0_A1;SEL_MUNG_003_V0;SEL_MUNG_003;MUNGITURA;functional;FUNCTIONAL_MUNGITURA;;SEL_MUNG_003;0;canonical;manual_selected;False;False;;MUNG_001;exact;quali animali sono in ritardo?;milking_delay_list;herd;;ID, gruppo,  DIM,  ultima sessione registrata, ultima produzione, numero di sessioni nelle ultime 24h;Gli animali con maggiore ritardo tra le mungiture sono i seguenti:;Animale | DIM | Parità | Gruppo | Ultima mungitura | Ore da ultima mungitura | Soglia attesa | Produzione media 7g | Note dati;Manca ultima mungitura, stato attivo/in lattazione o soglia/intervallo atteso.;"Non associare ritardo a malattia senza altri segnali. Non usare priorità alta/media/bassa o score non implementati; ordinare solo per metrica disponibile.";Supportato se dati robot presenti;canonical;"Mi servirebbe capire a cosa ti riferisci con “in ritardo”.

Ritardo nella mungitura (giorni senza visita o numero di mungiture inferiore al consueto).
Ritardo nella produzione (quantità di latte inferiore rispetto alla curva prevista per il DIM e la parità).


Fammi sapere quale dei due (o se intendi altro) così posso estrarre i dati delle bufale interessate.";18139;1;False;82BB90CDCEF062BBE0;[14:10, 31/08/2026] Marica Marches: ;2026-08-31T14:10:09;2026-08-31T14:10:34;True;OK;PASS;PASS;PASS;N/A;herd_query;;narrative;;PASS;PASS;
AUTO_20260831_140744;smoke;4;1;SEL_MUNG_004_V0_A1;SEL_MUNG_004_V0;SEL_MUNG_004;MUNGITURA;functional;FUNCTIONAL_MUNGITURA;;SEL_MUNG_004;0;canonical;manual_selected;False;False;;MUNG_003;exact;quali vacche/bufale hanno meno mungiture?;low_milking_count;herd;;ID, gruppo, DIM, numero sessioni ultime 24h, media baseline mungiture;"Ho trovato {n_animali} animali con meno mungiture rispetto al loro andamento recente.
{tabella}
Verifica accesso a robot/sala, locomozione, comportamento e rifiuti robot.";Animale | DIM | Parità | Gruppo | Mungiture 24h | Baseline mungiture | Differenza | Ultima mungitura | Note;Manca baseline individuale delle mungiture o conteggio ultime 24h.;"Non diagnosticare zoppia o malattia solo da riduzione mungiture. Non usare priorità alta/media/bassa o score non implementati; ordinare solo per metrica disponibile.";Supportato se dati robot presenti;canonical;"Tutte le 20 bufale della mandria hanno una media di 1,0 mungitura al giorno, valore inferiore al consueto 2‑3 sessioni.

#2505 (L3, DIM 7): 1,0 — media mandria 1,0 (Δ 0,0)
#7382 (L5, DIM 234): 1,0 — media mandria 1,0 (Δ 0,0)
#5751 (L4, DIM 9): 1,0 — media mandria 1,0 (Δ 0,0)
#8042 (L1, DIM 214): 1,0 — media mandria 1,0 (Δ 0,0)
#2473 (L2, DIM 272): 1,0 — media mandria 1,0 (Δ 0,0)
#3177 (L1, DIM 205): 1,0 — media mandria 1,0 (Δ 0,0)
#3158 (L2, DIM 6): 1,0 — media mandria 1,0 (Δ 0,0)
#9589 (L4, DIM 401): 1,0 — media mandria 1,0 (Δ 0,0)
#9585 (L4, DIM 214): 1,0 — media mandria 1,0 (Δ 0,0)
#7340 (L5, DIM 242): 1,0 — media mandria 1,0 (Δ 0,0)
#3164 (L1, DIM 266): 1,0 — media mandria 1,0 (Δ 0,0)
#3196 (L1, DIM 212): 1,0 — media mandria 1,0 (Δ 0,0)
#3131 (L1, DIM 316): 1,0 — media mandria 1,0 (Δ 0,0)
#3020 (L2, DIM 6): 1,0 — media mandria 1,0 (Δ 0,0)
#5105 (L6, DIM 242): 1,0 — media mandria 1,0 (Δ 0,0)
#2422 (L2, DIM 274): 1,0 — media mandria 1,0 (Δ 0,0)
#9684 (L4, DIM 229): 1,0 — media mandria 1,0 (Δ 0,0)
#7375 (L5, DIM 212): 1,0 — media mandria 1,0 (Δ 0,0)
#9685 (L3, DIM 287): 1,0 — media mandria 1,0 (Δ 0,0) […]";83505;1;False;8CDE6ECE37B2B31A5A;[14:12, 31/08/2026] Marica Marches: ;2026-08-31T14:10:39;2026-08-31T14:12:11;True;OK;PASS;PASS;PASS;N/A;herd_query;2422,2473,2505,3020,3131,3158,3164,3177,3196,5105,5751,7340,7375,7382,8042,9585,9589,9684,9685;results;;PASS;PASS;
AUTO_20260831_140744;smoke;5;1;SEL_MUNG_005_V0_A1;SEL_MUNG_005_V0;SEL_MUNG_005;MUNGITURA;functional;FUNCTIONAL_MUNGITURA;;SEL_MUNG_005;0;canonical;manual_selected;False;False;;MUNG_002;exact;chi non è stata munta oggi?;not_milked_today;herd;;ID, gruppo, DIM, visite robot ultime 24h, nr sessioni mungitura valide, n mungiture baseline;Ecco gli animali che non hanno registrato una mungitura completa:;Animale | DIM | Parità | Gruppo | Ultima mungitura | Ore trascorse | Mungiture oggi | Visite robot oggi;Manca il conteggio mungiture giornaliero o il timestamp dei dati robot.;"Usare 'non risulta registrata' se c'è rischio dato non aggiornato. Non usare priorità alta/media/bassa o score non implementati; ordinare solo per metrica disponibile.";Supportato se dati robot presenti;canonical;"Non ci sono record di mungitura per il 31‑08‑2026.

L’assenza di righe nella tabella indica che per oggi non sono state rilevate sessioni di mungitura (o che i sensori non hanno trasmesso dati), perciò non è possibile elencare le bufale “non munte” in questa data.



Se ti serve verificare la situazione su un intervallo più ampio (ad es. ieri, gli ultimi 3 giorni) o identificare le bufale con meno mungiture rispetto alla media abituale, fammi sapere e provvedo a estrarre i dati corrispondenti.";25139;1;False;162DB792D68C834ADE;[14:12, 31/08/2026] Marica Marches: ;2026-08-31T14:12:16;2026-08-31T14:12:48;True;OK;PASS;PASS;PASS;N/A;herd_query;;none_found;;PASS;PASS;
AUTO_20260831_140744;smoke;6;1;SEL_MUNG_006_V0_A1;SEL_MUNG_006_V0;SEL_MUNG_006;MUNGITURA;functional;FUNCTIONAL_MUNGITURA;;SEL_MUNG_006;0;canonical;manual_selected;False;False;;MUNG_010;exact;chi ha la conducibilità alta?;conductivity_list;herd;;ID, nr lattazione, DIM, gruppo, ultima conducibilità, media conducibilità gruppo, incremento conducibilità baseline;ecco gli animali con elevati valori di conducibilità:;Animale | DIM | Gruppo | Ultima mungitura | Conducibilità | Baseline/flag | Latte ultima | SCC score | Delta latte;Manca conducibilità aggiornata o baseline/flag aziendale.;"Non formulare diagnosi certa e non prescrivere terapie; usare 'segnale compatibile/da verificare'. Non usare priorità alta/media/bassa o score non implementati; ordinare solo per metrica disponibile.";Supportato se dati robot presenti;canonical;"#2474 (L7, DIM 275): 17,3 — sopra media 13,5 (+3,8)
#5127 (L5, DIM 423): 15,1 — sopra media 13,5 (+1,6)
#8102 (L1, DIM 104): 13,7 — sopra media 13,5 (+0,2)


Le tre bufale riportano una conducibilità superiore alla media della mandria (13,5). Un valore elevato è spesso associato a infiammazione della mammella (mastite subclinica) e, nei casi più alti, è accompagnato da una produzione giornaliera molto ridotta (es. #2474 con 0,4 kg).



Azioni consigliate: monitorare questi animali per i prossimi 2‑3 giorni, separarli dalla mandria per limitare eventuali contagii, prelevare campioni di latte per coltura e contattare il veterinario per una valutazione più approfondita.



Se vuoi approfondire con un report dettagliato sull’andamento negli ultimi giorni o su possibili terapie, fammi sapere.";62334;1;False;BC9ECFD8E7D20FF82A;[14:13, 31/08/2026] Marica Marches: ;2026-08-31T14:12:53;2026-08-31T14:14:03;True;OK;PASS;PASS;PASS;N/A;herd_query;2474,5127,8102;results;;PASS;PASS;
AUTO_20260831_140744;smoke;7;1;SEL_MUNG_007_V0_A1;SEL_MUNG_007_V0;SEL_MUNG_007;MUNGITURA;functional;FUNCTIONAL_MUNGITURA;;SEL_MUNG_007;0;canonical;manual_selected;False;False;;MUNG_012;adapted;quali primipare vanno poco al robot;primiparous_low_robot;herd;;ID, DIM, gruppo, nr visite ultime 24h, tempo dall'ultima visita, tempo di intervallo atteso;Ecco la lista completa delle primipare con poche visite volontarie:;Animale | DIM | Parità | Gruppo | Mungiture 24h | Visite robot | Ultima mungitura | Latte 24h;Manca DIM o dati robot.;Non parlare di chetosi/patologia senza segnali metabolici/produttivi aggiuntivi.;Supportato se dati robot presenti;canonical;"#3164 (L1, DIM 266): 1,00 — media 1,58 (-0,58)
#3137 (L1, DIM 296): 1,00 — media 1,58 (-0,58)
#3121 (L1, DIM 290): 1,00 — media 1,58 (-0,58)
#8085 (L1, DIM 277): 1,00 — media 1,58 (-0,58)
#3124 (L1, DIM 266): 1,00 — media 1,58 (-0,58)
#8316 (L1, DIM 9): 1,00 — media 1,58 (-0,58)


Le primipare mostrano poche visite al robot perché stanno ancora imparando a riconoscere il box, possono avere fastidi mammari (mastite subclinica, irritazione), problemi di salute generali (zoppia, febbre, chetosi) o sono impegnate al pascolo/alimentazione. Stress ambientale (THI elevato) riduce ulteriormente la motivazione.



Cosa fare:

Controllare la mammella: prelevare campioni latte, verificare conduttività.
Osservare il comportamento: cercare segni di dolore, zoppia o febbre.
Verificare il funzionamento del robot (RFID, pulizia, percorso libero).
Garantire una dieta energetica adeguata alle primipare in lattazione.
Monitorare THI e, se alto, usare ventilazione o nebulizzatori.
Tenere sotto osservazione le sei bufale per i prossimi 3‑5 giorni; se le visite rimangono < 1,2, programmare visita veterinaria.


Se vuoi approfondire un capo in particolare, dimmi il numero.";108055;1;False;62784DF79D437D61D2;[14:15, 31/08/2026] Marica Marches: ;2026-08-31T14:14:08;2026-08-31T14:16:05;True;OK;PASS;PASS;PASS;N/A;herd_query;3121,3124,3137,3164,8085,8316;results;UNREQUESTED_CAUSAL_EXPANSION_REVIEW;PASS;REVIEW;
AUTO_20260831_140744;smoke;8;1;SEL_MUNG_008_V0_A1;SEL_MUNG_008_V0;SEL_MUNG_008;MUNGITURA;functional;FUNCTIONAL_MUNGITURA;;SEL_MUNG_008;0;canonical;manual_selected;False;False;;PROD_001;exact_cross_area;chi ha calato il latte oggi?;production_drop_list;herd;;ID, gruppo, lattazione, DIM, baseline individuale (media n giorni), ultima produzione produzione, delta produzione;Gli animali con il maggiore calo individuale sono i seguenti:;Animale | DIM | Parità | Gruppo | Latte attuale | Baseline/media | Delta kg | Delta % | Segnali associati;Manca produzione aggiornata o baseline/media recente.;Non indicare causa certa del calo se non ci sono segnali concordanti.;Supportato se produzione e baseline presenti;canonical;"Nessuna bufala ha mostrato, nei dati del 31‑08‑2026, un calo della produzione (nessun record con residual < 0 kg o residual_rel < ‑0,10).

Stress termico: temperature/umidità alte aumentano la temperatura corporea e la frequenza respiratoria, riducono l’assunzione di cibo e la resa di latte.
Mastite (clinica o subclinica): l’infiammazione mammaria diminuisce rapidamente la produzione; il primo segnale è spesso l’aumento della conducibilità o delle cellule somatiche.
Cheto‑acidosi (ketosi): soprattutto nelle primipare in fase precoce di lattazione, la carenza di glucosio abbassa la produzione.
Dolore (zoppia, problemi scheletrici): il capo visita meno il robot e munge meno latte.
Problemi nutrizionali o cambi dietetici improvvisi: deficit energetico o variazioni dell’alimentazione possono provocare una diminuzione.


Cosa fare subito

Verifica che tutti i sensori di mungitura siano online e che non vi siano periodi di mancata registrazione.
Controlla il THI odierno; se è elevato, attiva o intensifica i sistemi di raffreddamento (sprinkler, ventilatori) […]";61787;1;False;882B0429092577EFF0;[14:17, 31/08/2026] Marica Marches: ;2026-08-31T14:16:10;2026-08-31T14:17:20;True;OK;PASS;PASS;PASS;N/A;herd_query;;no_data;;PASS;PASS;
AUTO_20260831_140744;smoke;9;1;SEL_MUNG_009_V0_A1;SEL_MUNG_009_V0;SEL_MUNG_009;MUNGITURA;functional;FUNCTIONAL_MUNGITURA;;SEL_MUNG_009;0;canonical;manual_selected;False;False;;PROD_002;exact_cross_area;quali sono le vacche/bufale con un calo superiore a 5 kg?;production_drop_threshold;herd;;ID, gruppo, lattazione, DIM, baseline individuale (media n giorni), ultima produzione produzione;"Animali con calo superiore a {X} kg:
{tabella}
La tabella è ordinata per scostamento produttivo, non per priorità.";Animale | DIM | Gruppo | Latte attuale | Baseline | Calo kg | Calo % | Note;Manca produzione, baseline o soglia interpretabile.;"Non usare priorità alta/media/bassa o score non implementati; ordinare solo per metrica disponibile.";Supportato se produzione e baseline presenti;canonical;"Tutte le 162 bufale della mandria presentano un calo giornaliero superiore a 5 kg (residuo ≤ ‑5 kg). Di seguito i casi più critici, ordinati per perdita più alta:

#2468 (L3, DIM 55): 2,6 kg — attesi 15,76 kg (‑13,16 kg)
#8058 (L2, DIM 60): 3,9 kg — attesi 14,86 kg (‑10,96 kg)
#2516 (L2, DIM 17): 1,8 kg — attesi 12,32 kg (‑10,52 kg)
#2500 (L3, DIM 52): 5,9 kg — attesi 15,83 kg (‑9,93 kg)
#444 (L3, DIM 27): 5,2 kg — attesi 14,73 kg (‑9,53 kg)
#1320 (L14, DIM 86): 3,0 kg — attesi 12,47 kg (‑9,47 kg)
#418 (L3, DIM 76): 5,6 kg — attesi 14,70 kg (‑9,10 kg)
#3145 (L2, DIM 64): 5,7 kg — attesi 14,69 kg (‑8,99 kg)
#2448 (L3, DIM 44): 6,9 kg — attesi 15,88 kg (‑8,98 kg)
#2971 (L2, DIM 40): 6,2 kg — attesi 15,15 kg (‑8,95 kg)


(Le restanti 152 bufale hanno residui compresi tra ‑5,0 kg e ‑8,0 kg, quindi anch’esse con perdita > 5 kg.)



Le cause più frequenti di cali così marcati includono mastite (subclinica o clinica), chetosi, lamenza e stress termico. Consiglio di:

Controllare la conducibilità e le SCC del latte per le bufale sopra elencate.
Prelevare campioni di latte per coltura batterica e, se possibile, esami metabolomici (valina, lactato, BHBA) […]";120209;1;False;E722CC41BE5AB83852;[14:19, 31/08/2026] Marica Marches: ;2026-08-31T14:17:25;2026-08-31T14:19:33;True;OK;PASS;PASS;PASS;N/A;herd_query;418,444,1320,2448,2468,2500,2516,2971,3145,8058;results;UNREQUESTED_CAUSAL_EXPANSION_REVIEW;PASS;REVIEW;
AUTO_20260831_140744;smoke;10;1;SEL_PROD_001_V0_A1;SEL_PROD_001_V0;SEL_PROD_001;PRODUZIONE;functional;FUNCTIONAL_PRODUZIONE;;SEL_PROD_001;0;canonical;manual_selected;False;False;;PROD_006;exact;chi produce meno?;low_production_list;herd;;ID, gruppo,DIM, ultima produzione, media gruppo, delta produzione;"Animali sotto la media del proprio gruppo:
{tabella}
Questo confronto è più utile se il gruppo è omogeneo per DIM/parità.";Animale | DIM | Parità | Gruppo | Latte attuale | Media gruppo | Delta vs gruppo | Delta vs se stessa;Manca gruppo o media gruppo calcolabile.;Non giudicare animale senza considerare DIM/parità quando disponibili.;Supportato se produzione e baseline presenti;canonical;"#6946 (L3, DIM 241): 0,2 kg — attesi 6,10 kg (-5,90 kg, -96,7 %)


Questa è l’unica bufala con dati disponibili, quindi è quella che produce meno nella mandria. Il residuo negativo quasi totale indica una perdita produttiva molto marcata.



Azioni consigliate: controlla la mammella per mastite (preleva campioni latte e verifica SCC), valuta parametri metabolici (BHBA, glucosio) per escludere chetosi, verifica indice THI e attiva sistemi di raffreddamento se necessario, assicurati di una dieta energeticamente adeguata e controlla eventuali problemi di postura o dolore. Se vuoi approfondisco le possibili cause specifiche.";90178;1;False;CCD63032218475BF43;[14:20, 31/08/2026] Marica Marches: ;2026-08-31T14:19:46;2026-08-31T14:21:24;True;OK;PASS;PASS;PASS;N/A;herd_query;6946;results;UNREQUESTED_CAUSAL_EXPANSION_REVIEW;PASS;REVIEW;
AUTO_20260831_140744;smoke;11;1;SEL_PROD_002_V0_A1;SEL_PROD_002_V0;SEL_PROD_002;PRODUZIONE;functional;FUNCTIONAL_PRODUZIONE;;SEL_PROD_002;0;canonical;manual_selected;False;False;;PROD_005;exact;quale gruppo è calato nella produzione?;group_production_drop;group;;gruppo, n animali, produzione gruppo corrente, produzione baseline gruppo utlimi 7 gg, delta produzione gruppo;"Confronto produzione per gruppo:
{tabella}
Se il calo è concentrato nel gruppo, verificare anche fattore ambientale/gestionale/alimentare.";Gruppo | Animali | Latte medio attuale | Baseline gruppo | Delta kg/capo | THI | Note;Mancano gruppi o baseline produttive di gruppo.;Non concludere razione/ambiente senza dati di supporto.;Supportato se produzione e baseline presenti;canonical;"Dati

Parità P2: residuo medio ‑0,43 (‑43 % rispetto alla curva attesa)
Parità P1: residuo medio ‑0,40
Parità P3: residuo medio ‑0,41
Parità P4+: residuo medio ‑0,38


Il gruppo con il calo più marcato è P2 (seconda parità), con una perdita del 43 % rispetto alla produzione prevista.



Perché può capitare nei P2

Dopo la prima lattazione le bufale di seconda parità sono più soggette a mastite sub‑clinica, che riduce rapidamente la resa.
Il deficit energetico nella fase di transizione è più frequente: il rischio di chetosi subclinica è più alto rispetto alle primipare, con conseguente diminuzione della produzione.
Stress termico estivo colpisce maggiormente animali con più lattazioni perché hanno un fabbisogno energetico superiore.


Azioni consigliate

Controlla la conducibilità e le SCC del latte delle bufale P2; se superano le soglie di allarme, preleva campioni per coltura e avvia terapia intramamaria mirata.
Effettua screening BHB (latte o sangue) nelle prime settimane di lattazione; per i positivi, tratta con propylene glycol per 5 giorni.
Verifica segni di lamenza e, se presenti, migliora la superficie di calpestio (pavimenti meno duri, fan‑sprinkler) […]";70336;1;False;297175E1BBC3AE9E9B;[14:22, 31/08/2026] Marica Marches: ;2026-08-31T14:21:29;2026-08-31T14:22:47;True;OK;PASS;PASS;PASS;N/A;group;;narrative;;PASS;PASS;
AUTO_20260831_140744;smoke;12;1;SEL_PROD_003_V0_A1;SEL_PROD_003_V0;SEL_PROD_003;PRODUZIONE;functional;FUNCTIONAL_PRODUZIONE;;SEL_PROD_003;0;canonical;manual_selected;False;False;;PROD_007;exact;perché animale 3118 ha calato?;production_drop_reason;animal;3118;DIM, gruppo, lattazione, delta produzione, allarmi attivi triage/probabilità patologia;"La {animal_id} è sotto il suo andamento recente di {production_delta_kg} kg.
{tabella}
Se conducibilità/SCC sono alterati, verifica latte e mammella; se ruminazione è bassa, controlla appetito/stato generale; se il gruppo cala con THI alto, valuta contesto ambientale.";Animale | Latte attuale | Baseline | Delta kg | Ruminazione | Conducibilità | SCC score | THI | Mungiture | Esito PECUS;Manca produzione/baseline o dati associati.;Non dare causa unica se segnali discordanti o assenti.;Supportato se produzione e baseline presenti;canonical;"3118: stress da calore, probabilità 76 %.



Produzione attesa ridotta di 8,1 kg/giorno (calo -0,28 % rispetto al previsto).



Segnali chiave: calo produzione acuto -0,28 %; ore di caldo 24 h; perdita prevista 8,07 kg/giorno.



Azioni consigliate: attivare sistemi di raffreddamento evaporativo (pannelli o nebulizzatori) con ventilazione forzata; garantire acqua fresca abbondante (≈30 L/bufala al giorno); offrire foraggi freschi e più energetici; monitorare THI e produzione ogni 12 h; se il calo persiste entro 48 h, valutare visita veterinaria.";78626;1;False;C361CA12074A1F4019;[14:24, 31/08/2026] Marica Marches: ;2026-08-31T14:22:53;2026-08-31T14:24:18;True;OK;PASS;PASS;PASS;PASS_EXPLICIT;animal;3118;results;;PASS;PASS;
AUTO_20260831_140744;smoke;13;1;SEL_PROD_004_V0_A1;SEL_PROD_004_V0;SEL_PROD_004;PRODUZIONE;functional;FUNCTIONAL_PRODUZIONE;;SEL_PROD_004;0;canonical;manual_selected;False;False;;PROD_008;exact;quanti/quali animali mi costano di più?;economic_loss_list;herd;;ID, gruppo, DIM, produzione baseline, delta ultimi 7 gg, costo totale, produzione baseline  gruppo;"Animali con maggiore perdita economica stimata dai dati disponibili:
{tabella}
Mostra sempre se il prezzo latte è reale o default e il periodo della stima.";Animale | DIM | Gruppo | Calo kg/g | Prezzo latte usato | Perdita €/g | Base calcolo | Note;Manca prezzo latte esplicito, baseline o perdita calcolabile: non stimare il costo in euro. Se possibile mostra solo la perdita produttiva disponibile e indica l'input mancante.;Non mostrare euro e non usare prezzi/default non esplicitamente disponibili nel dataset o nella configurazione corrente.;"Supportato solo se sono disponibili baseline/perdita e prezzo latte esplicito; altrimenti usare fallback senza stimare euro.";canonical;"Tre bufale risultano tra le più costose per la perdita di latte prevista.

#2516: mastite al parto, probabilità 65 %, perdita 8,8 kg/giorno.
#3118: stress da calore, probabilità 76 %, perdita 8,1 kg/giorno.
#1320: stress da calore, probabilità 73 %, perdita 7,7 kg/giorno.


Mastite al parto riduce la produzione perché l’infiammazione compromette la secrezione del latte e può persistere se non trattata rapidamente. Lo stress da calore diminuisce l’appetito e altera il bilancio energetico, provocando cali immediati, soprattutto nelle fasi avanzate di lattazione.



Azioni consigliate

Bufala 2516: controlla conduttività e SCC; preleva latte per coltura; avvia terapia intramamaria secondo indicazioni veterinarie; pulizia pre‑mungitura con iodio o clorexidina; integra vitamina E e selenio intorno al parto.
Bufale 3118 e 1320: attiva nebulizzatori o ventilatori nelle stalle; garantisci acqua fresca ≥30 L/bufala/giorno; aumenta foraggi freschi e concentrati energetici; monitora THI più volte al giorno e, se supera 72, intensifica il raffreddamento; assicurati ventilazione adeguata e lettiera asciutta.


Se vuoi approfondisco dosi specifiche o il protocollo di monitoraggio.";74843;1;False;983F3733FF2612B42A;[14:25, 31/08/2026] Marica Marches: ;2026-08-31T14:24:23;2026-08-31T14:25:46;True;OK;PASS;PASS;PASS;N/A;herd_query;1320,2516,3118;results;NUTRITIONAL_PRESCRIPTION_REVIEW;PASS;REVIEW;
AUTO_20260831_140744;smoke;14;1;SEL_PROD_005_V0_A1;SEL_PROD_005_V0;SEL_PROD_005;PRODUZIONE;functional;FUNCTIONAL_PRODUZIONE;;SEL_PROD_005;0;canonical;manual_selected;False;False;;PROD_010;exact;chi perde latte da più giorni?;persistent_milk_loss;herd;;ID, gruppo, dIM, produzione baseline, delta ultimi 7 gg, n giorni sotto baseline;"Animali con calo produttivo persistente:
{tabella}
Distinguere se il segnale è individuale o condiviso dal gruppo.";Animale | DIM | Gruppo | Giorni sotto baseline | Calo medio kg | Calo massimo | Segnali associati | Ultimo esito;Manca storico produzione sufficiente.;Non usare 'cronico' senza regola validata e storico clinico.;Supportato se produzione e baseline presenti;canonical;"#150: 1 giorno — probabilità 14 %
#7025: 1 giorno — probabilità 9 %
#2543: 1 giorno — probabilità 2 %


Al momento nessuna bufala mostra perdita di latte da più di un giorno; tutti i segnali indicano un calo persistente solo per 1 giorno.



Controlla rapidamente la conducibilità del latte e, se possibile, le cellule somatiche per le tre bufale. Se la conducibilità è alta, aumenta l’igiene pre‑mungitura (iodio o clorexidina) e, se necessario, valuta una terapia intramamaria con il veterinario. Tieni sotto osservazione la produzione quotidiana per i prossimi 2‑3 giorni; se il calo si prolunga o peggiora, richiedi una visita approfondita.



Se vuoi approfondire uno di questi animali (previsioni a 24‑48 h o dettagli dei segnali), fammi sapere.";60355;1;False;9228396B57B575C6FA;[14:26, 31/08/2026] Marica Marches: ;2026-08-31T14:25:51;2026-08-31T14:26:59;True;OK;PASS;PASS;PASS;N/A;herd_query;150,2543,7025;no_data;;PASS;PASS;
AUTO_20260831_140744;smoke;15;1;SEL_MAST_001_V0_A1;SEL_MAST_001_V0;SEL_MAST_001;MASTITE;functional;FUNCTIONAL_MASTITE;;SEL_MAST_001;0;canonical;manual_selected;False;False;;MAMM_001;guardrail_adapted;chi ha la mastite oggi?;mammary_signal_list;herd;;ID, gruppo, dim, lattazione, conducibilità corrente, media conducibilità ultimi 7 gg, conta SCC, delta produzione, probabilità triage;Gli animali che presentano segnali mammari elevati sono i seguenti:;Animale | DIM | Parità | Gruppo | Segnale mammario | Conducibilità | SCC score | Calo latte | Ultimo dato;Mancano dati mammari aggiornati o campi necessari per questa domanda.;"Non formulare diagnosi certa e non prescrivere terapie; usare 'segnale compatibile/da verificare'. Non usare 'mastite certa'; usare 'segnale mammario'. Non usare priorità alta/media/bassa o score non implementati; ordinare solo per metrica disponibile.";Supportato se dati mammari presenti;canonical;"#7382: probabilità 67 % – perdita stimata 4,3 kg/giorno
#8079: probabilità 62 % – perdita stimata 4,2 kg/giorno


Due bufale presentano oggi un rischio elevato di mastite. La perdita di latte prevista (≈ 4 kg al giorno per capo) incide rapidamente sul rendimento della mandria; inoltre la mastite subclinica può fungere da serbatoio per la diffusione dell’infezione.



Azioni consigliate

Isola le due bufale e muniscile per ultime nella sessione di mungitura.
Preleva un campione di latte da ciascuna per la conta delle cellule somatiche (SCC). Valori > 200 000 cellule/ml confermano la mastite; valori più alti indicano forme più avanzate.
Pulisci i capezzoli con disinfettante a base di iodio o clorexidina prima della mungitura e assicurati che l’attrezzatura sia ben sanificata tra un animale e l’altro.
Se la SCC è elevata o compaiono segni clinici (edema, arrossamento, dolore), avvia una terapia intramamaria secondo indicazione veterinaria; per Staphylococcus aureus o altri patogeni resistenti è necessario un antibiogramma prima di scegliere l’antibiotico […]";75977;1;False;AE8BC0218BB5DB975A;[14:28, 31/08/2026] Marica Marches: ;2026-08-31T14:27:12;2026-08-31T14:28:36;True;OK;PASS;PASS;PASS;N/A;herd_query;7382,8079;results;THERAPY_OVERREACH_REVIEW;PASS;REVIEW;
AUTO_20260831_140744;smoke;16;1;SEL_MAST_002_V0_A1;SEL_MAST_002_V0;SEL_MAST_002;MASTITE;functional;FUNCTIONAL_MASTITE;;SEL_MAST_002;0;canonical;manual_selected;False;False;;MAMM_002;exact;Quali vacche hanno conducibilità elevata?;conductivity_list;herd;;ID, gruppo, DIM , lattazione, ultima conducibilità, baseline conducibilità, delta utlimi 3 giorni;"Animali/dati mammari richiesti:
{tabella}
Interpretazione: usa questi dati come segnale mammario da verificare in stalla; controlla latte, mammella e CMT/campione se previsto dal protocollo.";Animale | DIM | Gruppo | Conducibilità | Baseline/Soglia | Ultima mungitura | SCC score | Calo latte;Mancano dati mammari aggiornati o campi necessari per questa domanda.;"Non formulare diagnosi certa e non prescrivere terapie; usare 'segnale compatibile/da verificare'. Non usare 'mastite certa'; usare 'segnale mammario'. Non usare priorità alta/media/bassa o score non implementati; ordinare solo per metrica disponibile.";Supportato se dati mammari presenti;canonical;"#2474 (L7, DIM 275): 17.3 — sopra media gruppo ≈ 13.5 (+3.8)
#5127 (L5, DIM 423): 15.1 — sopra media gruppo ≈ 13.5 (+1.6)
#8102 (L1, DIM 104): 13.7 — sopra media gruppo ≈ 13.5 (+0.2)


Conducibilità elevata indica concentrazione di ioni nel latte, correlata a mastite subclinica. Valori sopra la media della mandria (≈13.5) aumentano il rischio di infiammazione mammaria e perdita di produzione, come mostrano i residui negativi (‑90 % a ‑45 %).



Azioni consigliate:

Isola temporaneamente le tre bufale per l’ultima mungitura della giornata.
Preleva campione di latte da ciascuna per conta delle cellule somatiche e coltura batterica.
Pulisci i capezzoli con disinfettante a base di iodio o clorexidina prima della mungitura e verifica la sanitizzazione dell’apparecchiatura.
Se SCC >200 000 cellule/ml o compaiono segni clinici, consulta il veterinario per terapia intramamaria mirata.
Monitora quotidianamente conducibilità e produzione per 3‑5 giorni; un trend verso valori normali indica miglioramento.


Se vuoi approfondire la gestione di una specifica bufala, fammi sapere.";78657;1;False;53580917816E61432B;[14:29, 31/08/2026] Marica Marches: ;2026-08-31T14:28:41;2026-08-31T14:30:08;True;OK;PASS;PASS;PASS;N/A;herd_query;2474,5127,8102;results;;PASS;PASS;
AUTO_20260831_140744;smoke;17;1;SEL_MAST_003_V0_A1;SEL_MAST_003_V0;SEL_MAST_003;MASTITE;functional;FUNCTIONAL_MASTITE;;SEL_MAST_003;0;canonical;manual_selected;False;False;;MAMM_006;guardrail_adapted;perché l'animale 2516 è segnalata per mastite?;mammary_reason;animal;2516;dim, gruppo, lattazione, conducibilità, SCC, conducibilità quarto maggiore, delta produzione, perdita prevista;"Animali/dati mammari richiesti:
{tabella}
Interpretazione: usa questi dati come segnale mammario da verificare in stalla; controlla latte, mammella e CMT/campione se previsto dal protocollo.";Animale | Segnale | Conducibilità | SCC score | Calo latte | Ultima mungitura | DIM | Gruppo;Mancano dati mammari aggiornati o campi necessari per questa domanda.;"Non formulare diagnosi certa e non prescrivere terapie; usare 'segnale compatibile/da verificare'. Non usare 'mastite certa'; usare 'segnale mammario'. Non usare priorità alta/media/bassa o score non implementati; ordinare solo per metrica disponibile.";Supportato se dati mammari presenti;canonical;"2516: mastite al parto, probabilità 65 %.

Perdita stimata ≈ 8,8 kg di latte al giorno (residuo previsto –77 % rispetto al valore atteso).

Segnali: scostamento medio 10 gg ‑0,87 %, perdita prevista ML 8,78 kg/giorno, conducibilità persistente z‑score 0,81.

Azioni: porta la bufala all’ultima mungitura della giornata per limitare contagi; preleva campione di latte per conta SCC e, se possibile, coltura batterica; pulisci i capezzoli con disinfettante prima di ogni mungitura e verifica la sanificazione dell’attrezzatura; se SCC > 200 000 cellule/ml o compaiono segni clinici, consulta il veterinario per terapia intramamaria mirata; controlla quotidianamente conducibilità e produzione per 3‑5 giorni, intervenendo nuovamente se i valori non migliorano.



Se vuoi approfondisco il protocollo di trattamento.";65734;1;False;A6440175430B486D47;[14:31, 31/08/2026] Marica Marches: ;2026-08-31T14:30:13;2026-08-31T14:31:26;True;OK;PASS;PASS;PASS;PASS_EXPLICIT;animal;2516;results;;PASS;PASS;
AUTO_20260831_140744;smoke;18;1;SEL_MAST_004_V0_A1;SEL_MAST_004_V0;SEL_MAST_004;MASTITE;functional;FUNCTIONAL_MASTITE;;SEL_MAST_004;0;canonical;manual_selected;False;False;;MAMM_012;exact;chi è segnata per mastite per più giorni?;persistent_mammary_signal;herd;;ID, gruppo, lattazione, DIM, timestamp prima segnalazione,;"Animali/dati mammari richiesti:
{tabella}
Interpretazione: usa questi dati come segnale mammario da verificare in stalla; controlla latte, mammella e CMT/campione se previsto dal protocollo.";Animale | DIM | Gruppo | Giorni con segnale | Primo segnale | Ultimo segnale | Esiti registrati | Trend latte;Mancano dati mammari aggiornati o campi necessari per questa domanda.;"Non formulare diagnosi certa e non prescrivere terapie; usare 'segnale compatibile/da verificare'. Non usare 'mastite certa'; usare 'segnale mammario'. Non usare priorità alta/media/bassa o score non implementati; ordinare solo per metrica disponibile.";Parziale: dipende dallo storico;canonical;"Nessuna bufala è segnata per mastite per più di un giorno.



Se vuoi approfondire le segnalazioni o monitorare l’evoluzione, fammi sapere.";27688;1;False;B205D63E99523DB2DC;[14:31, 31/08/2026] Marica Marches: ;2026-08-31T14:31:31;2026-08-31T14:32:06;True;OK;PASS;PASS;PASS;N/A;herd_query;;no_data;;PASS;PASS;
AUTO_20260831_140744;smoke;19;1;SEL_MET_001_V0_A1;SEL_MET_001_V0;SEL_MET_001;METABOLICO;functional;FUNCTIONAL_METABOLICO;;SEL_MET_001;0;canonical;manual_selected;False;False;;MET_002;guardrail_adapted;Chi ha chetosi?;possible_ketosis_list;herd;;id, gruppo, DIM, lattazione, delta produzione, delta ruminazione, produzione attesa;"Animali/dati metabolici richiesti:
{tabella}
Interpretazione: descrivere come segnale metabolico compatibile da verificare, usando appetito, riempimento ruminale, BHB se disponibile e protocollo aziendale/professionale.";Animale | DIM | Gruppo | Segnale compatibile | Calo latte | Ruminazione | F:P | BHB registrato;Mancano produzione, ruminazione, DIM, componenti latte o segnale metabolico necessari per questa domanda.;"Non formulare diagnosi certa e non prescrivere terapie; usare 'segnale compatibile/da verificare'. Non dire 'chetosi certa' e non suggerire somministrazioni. Non usare priorità alta/media/bassa o score non implementati; ordinare solo per metrica disponibile.";Supportato se segnali metabolici presenti;canonical;"#2516 (L2, DIM 17): 78 % di probabilità — perdita stimata 8,8 kg/giorno
#3118 (L2, DIM 62): 78 % — perdita 8,1 kg/giorno
#444 (L3, DIM 27): 70 % — perdita 6,5 kg/giorno
#2468 (L3, DIM 55): 70 % — perdita 6,4 kg/giorno
#2448 (L3, DIM 44): 67 % — perdita 6,0 kg/giorno


Controlla le bufale segnalate, esegui analisi del sangue per confermare la chetosi e valuta interventi nutrizionali o farmaci secondo le indicazioni del veterinario. Se vuoi approfondisco singolarmente ciascuna bufala.";71095;1;False;44AE88650764882940;[14:33, 31/08/2026] Marica Marches: ;2026-08-31T14:32:19;2026-08-31T14:33:38;True;OK;PASS;PASS;PASS;N/A;herd_query;444,2448,2468,2516,3118;results;;PASS;PASS;
AUTO_20260831_140744;smoke;20;1;SEL_MET_002_V0_A1;SEL_MET_002_V0;SEL_MET_002;METABOLICO;functional;FUNCTIONAL_METABOLICO;;SEL_MET_002;0;canonical;manual_selected;False;False;;PROD_014;exact_cross_area;quali animali hanno calo latte e ruminazione?;milk_rumination_drop;herd;;ID, gruppo, DIM, delta produzione, delta ruminazione;"Animali con calo produttivo e ruminazione ridotta:
{tabella}
Controlla appetito, riempimento ruminale e comportamento; BHB se previsto da protocollo.";Animale | DIM | Gruppo | Calo kg | Ruminazione attuale | Delta ruminazione | THI | Note;Mancano ruminazione o baseline ruminazione.;"Non formulare diagnosi certa e non prescrivere terapie; usare 'segnale compatibile/da verificare'.";Supportato se produzione e baseline presenti;canonical;"#149: residual_rel -0.618, roll_volatility 0.224
#2379: residual_rel -0.592, roll_volatility 0.263
#2971: residual_rel -0.632, roll_volatility 0.216
#3068: residual_rel -0.607, roll_volatility 0.220
#3131: residual_rel -0.627, roll_volatility 0.210
#3170: residual_rel -0.567, roll_volatility 0.202
#3180: residual_rel -0.584, roll_volatility 0.203
#5245: residual_rel -0.663, roll_volatility 0.222
#662: residual_rel -0.892, roll_volatility 0.232
#6946: residual_rel -1.113, roll_volatility 0.253
#7025: residual_rel -0.577, roll_volatility 0.298
#726: residual_rel -0.931, roll_volatility 0.213
#7337: residual_rel -0.358, roll_volatility 0.368
#8042: residual_rel -0.554, roll_volatility 0.359
#8043: residual_rel -0.561, roll_volatility 0.217
#8071: residual_rel -0.664, roll_volatility 0.284 (2 visite)
#8088: residual_rel -0.564, roll_volatility 0.209
#8151: residual_rel -0.540, roll_volatility 0.202
#9581: residual_rel -0.506, roll_volatility 0.208
#9685: residual_rel -0.516, roll_volatility 0.221 […]";158902;1;False;1B0D9459AB5525B2E9;[14:36, 31/08/2026] Marica Marches: ;2026-08-31T14:33:43;2026-08-31T14:36:30;True;OK;PASS;REVIEW;PASS;N/A;herd_query;149,662,726,2379,2971,3068,3131,3170,3180,5245,6946,7025,7337,8042,8043,8071,8088,8151,9581,9685;results;;REVIEW;REVIEW;
AUTO_20260831_140744;smoke;21;1;SEL_MET_003_V0_A1;SEL_MET_003_V0;SEL_MET_003;METABOLICO;functional;FUNCTIONAL_METABOLICO;;SEL_MET_003;0;canonical;manual_selected;False;False;;MET_005;exact;l'animale 3118 rumina bene?;rumination_animal;animal;3118;lattazione, DIM, ruminazione, baseline ruminazione, delta ruminazione;"Animali/dati metabolici richiesti:
{tabella}
Interpretazione: descrivere come segnale metabolico compatibile da verificare, usando appetito, riempimento ruminale, BHB se disponibile e protocollo aziendale/professionale.";Dato | Valore | Baseline | Scostamento | Note;Mancano produzione, ruminazione, DIM, componenti latte o segnale metabolico necessari per questa domanda.;"Non formulare diagnosi certa e non prescrivere terapie; usare 'segnale compatibile/da verificare'. Non dire 'chetosi certa' e non suggerire somministrazioni. Non usare priorità alta/media/bassa o score non implementati; ordinare solo per metrica disponibile.";Supportato se segnali metabolici presenti;canonical;"3118 (DIM 62): ruminazione stabile, alta probabilità

Produce 6,0 kg — attesi 14,78 kg (-8,78 kg, -59 %)

Segnali: roll volatility 0,14 (bassa), residual -8,78 kg (-59 %)

Controlla visivamente la rumina, verifica pH ruminale (se disponibile) e garantisci una dieta equilibrata per migliorare la produzione.";89358;1;False;83BA4D480510E59B23;[14:38, 31/08/2026] Marica Marches: ;2026-08-31T14:36:35;2026-08-31T14:38:12;True;OK;PASS;PASS;PASS;PASS_EXPLICIT;animal;3118;results;;PASS;PASS;
AUTO_20260831_140744;smoke;22;1;SEL_MET_004_V0_A1;SEL_MET_004_V0;SEL_MET_004;METABOLICO;functional;FUNCTIONAL_METABOLICO;;SEL_MET_004;0;canonical;manual_selected;False;False;;CUSTOM_SELECTED;custom_selected;chi ha grasso elevato nel latte?;high_milk_fat;herd;;ID, gruppo, lattazione, DIM, fat_pct, ultima produzione, n sessioni mungitura;;;;"Non formulare diagnosi certa; non prescrivere terapia; non usare priorità non implementata.";Selezionato manualmente come attualmente supportato;canonical;"Nessuna bufala mostra grasso elevato nel latte secondo i dati attualmente disponibili.



Probabile motivo: la stalla non registra misurazioni di composizione del latte (campo “evidence” vuoto) e non è stato effettuato alcun test specifico sul contenuto di grassi.



Per rilevare eventuali aumenti di grasso:

programma prelievi mensili di latte per analisi di composizione (grasso, proteine, SCC);
verifica la razione, assicurandoti una buona quota di fibra fermentabile e un bilancio energetico adeguato;
controlla la salute mammaria con SCC; anche una mastite subclinica può modificare il grasso;
osserva la ruminazione e il comportamento alimentare per assicurare una fermentazione ruminale ottimale.


Se vuoi approfondire il monitoraggio o impostare un protocollo di campionamento più frequente, fammi sapere.";102411;1;False;00A0267AB65E26BBD9;[14:39, 31/08/2026] Marica Marches: ;2026-08-31T14:38:17;2026-08-31T14:40:07;True;OK;PASS;PASS;PASS;N/A;herd_query;;no_data;;PASS;PASS;
AUTO_20260831_140744;smoke;23;1;SEL_GEN_001_V0_A1;SEL_GEN_001_V0;SEL_GEN_001;GENERICO;functional;FUNCTIONAL_GENERICO;;SEL_GEN_001;0;canonical;manual_selected;False;False;;ID_004;exact;l'animale 3118 è in lattazione?;lactation_status;animal;3118;status animale, gruppo, lattazione, DIM, ultimo parto;"Identikit animale con i dati attualmente disponibili:
{tabella}
Dichiarare sempre i domini mancanti: riproduzione/asciutta/razione se non integrati.";Animale | Stato lattazione | DIM | Ultima mungitura | Ultimo aggiornamento;Animale non trovato o dati base insufficienti per costruire l'identikit.;"Non inventare dati riproduttivi, asciutta, trattamenti o stato non presente. Non dire 'sta bene' se mancano dati; distinguere assenza di segnale da assenza di dato.";Supportato parziale;canonical;"3118 (L2, DIM 62): in lattazione, probabilità 100 %.



Produzione 6,0 kg — attesa non disponibile.



Segnali: fase picco (peak), DIM 62, lattazione n. 2.



Continua la gestione abituale di lattazione, monitora la produzione giornaliera e verifica eventuali segni di mastite. Se vuoi approfondisco.";37870;1;False;5EDF74D48085B6C627;[14:40, 31/08/2026] Marica Marches: ;2026-08-31T14:40:20;2026-08-31T14:41:05;True;OK;PASS;PASS;PASS;PASS_EXPLICIT;animal;3118;results;;PASS;PASS;
AUTO_20260831_140744;smoke;24;1;SEL_GEN_002_V0_A1;SEL_GEN_002_V0;SEL_GEN_002;GENERICO;functional;FUNCTIONAL_GENERICO;;SEL_GEN_002;0;canonical;manual_selected;False;False;;ID_001;exact;mostrami l'animale 3118;animal_profile;animal;3118;status, gruppo, lattazione, DIM, ultimo parto, asciutta prevista?, baseline produzione, probabilità triage;"Identikit animale con i dati attualmente disponibili:
{tabella}
Dichiarare sempre i domini mancanti: riproduzione/asciutta/razione se non integrati.";Sezione | Dato | Valore | Ultimo aggiornamento | Nota;Animale non trovato o dati base insufficienti per costruire l'identikit.;"Non inventare dati riproduttivi, asciutta, trattamenti o stato non presente. Non dire 'sta bene' se mancano dati; distinguere assenza di segnale da assenza di dato.";Supportato parziale;canonical;"3118 (L2, DIM 62): heat stress, probabilità 76%

Produce 6,0 kg — attesi 14,8 kg (-8,8 kg, -59%). Perdita stimata 8,1 kg/giorno.

Segnali: residual -8,8 kg, residual_rel -59 %, roll_bias -9,20, roll_volatility 0,14, conducibilità 7,8.

Azioni consigliate: verifica THI e attiva ventilazione o nebulizzatori, garantisci acqua fresca ed elettroliti, aumenta fibra e riduci concentrati, monitora frequenza respiratoria, ruminazione e produzione per 3‑5 giorni; se il calo persiste chiama il veterinario.";100994;1;False;73FDDC6446C8262A72;[14:42, 31/08/2026] Marica Marches: ;2026-08-31T14:41:10;2026-08-31T14:42:58;True;OK;PASS;PASS;PASS;PASS_EXPLICIT;animal;3118;results;;PASS;PASS;
AUTO_20260831_140744;smoke;25;1;SEL_GEN_003_V0_A1;SEL_GEN_003_V0;SEL_GEN_003;GENERICO;functional;FUNCTIONAL_GENERICO;;SEL_GEN_003;0;canonical;manual_selected;False;False;;HERD_001;exact;com'è oggi la stalla?;herd_status;herd;;nr animali in lattazione, produzione tot, nr problemi segnalati per classe triage;"Riepilogo mandria/gruppo con dati disponibili:
{tabella}
Separare sempre segnali da conferme registrate e dichiarare domini non aggiornati.";Sezione | Valore | Nota | Dati usati;Mancano aggregati aggiornati, denominatore animali attivi o storico sufficiente.;"Non dire 'sta bene' se mancano dati; distinguere assenza di segnale da assenza di dato. Non usare priorità non implementata; non diagnosticare a livello mandria.";Supportato se aggregati presenti;canonical;"Stalla al 30 agosto 2026 (ultimo dato disponibile)

Bufale in lattazione: 443
Produzione totale latte: 2 636 kg
Scostamento medio dalla curva di lattazione (residual rel): -0,40 % (≈ ‑40 % di produzione rispetto a quanto atteso)
Conducibilità media del latte: 8,12 (unità del sensore)
Volatilità del residuo (roll_volatility): 0,27


Interpretazione



La produzione totale è ragionevole, ma il residual rel negativo indica che, in media, le bufale stanno producendo circa il 40 % in meno rispetto al livello previsto per la loro età di lattazione. La conducibilità è nella zona tipica di una mandria senza focolai evidenti di mastite, ma variazioni improvvise in singole bufale possono segnalare infiammazioni subcliniche. Il valore di volatilità segnala una moderata instabilità della produzione giornaliera, da monitorare.



Azioni consigliate

Imposta un alert per ogni bufala la cui conducibilità supera del 10 % la media giornaliera (8,12).
Programma un campionamento mensile di SCC su un campione rappresentativo (circa 10 % della mandria) per verificare lo stato mammario.
Verifica il THI; se supera 78 attiva ventilazione, nebulizzatori e garantisci acqua fresca e elettroliti […]";83479;1;False;50B5A2D09E789A8DCC;[14:44, 31/08/2026] Marica Marches: ;2026-08-31T14:43:03;2026-08-31T14:44:35;True;OK;PASS;PASS;PASS;N/A;herd_query;;results;;PASS;PASS;
AUTO_20260831_140744;smoke;26;1;SEL_GEN_004_V0_A1;SEL_GEN_004_V0;SEL_GEN_004;GENERICO;functional;FUNCTIONAL_GENERICO;;SEL_GEN_004;0;canonical;manual_selected;False;False;;HERD_005;adapted;come sta andando la produzione?;herd_production_trend;herd;;produzione media mandria corrente, delta mesi precedenti, delta anno precedente;"Riepilogo mandria/gruppo con dati disponibili:
{tabella}
Separare sempre segnali da conferme registrate e dichiarare domini non aggiornati.";Periodo | Latte medio/capo | Baseline | Delta | Animali attivi | Note;Mancano aggregati aggiornati, denominatore animali attivi o storico sufficiente.;"Non dire 'sta bene' se mancano dati; distinguere assenza di segnale da assenza di dato. Non usare priorità non implementata; non diagnosticare a livello mandria.";Supportato se aggregati presenti;canonical;"Dati produzione (24‑30 ago):

24 ago: 4 730,9 kg, residuo +6,3 %
25 ago: 4 549,4 kg, residuo +2,7 %
26 ago: 2 539,7 kg, residuo –40,5 %
27 ago: 2 521,1 kg, residuo –42,7 %
28 ago: 2 598,8 kg, residuo –41,4 %
29 ago: 2 558,0 kg, residuo –42,3 %
30 ago: 2 636,0 kg, residuo –40,3 %


Negli ultimi due giorni la produzione è stata sopra i 4,5 t al giorno, ma dal 26 ago è scesa a circa 2,5 t, mantenendosi più del 40 % sotto le previsioni. La conducibilità media è rimasta stabile intorno a 8,0‑8,1 mS/cm, senza picchi evidenti di mastite.



Trend: calo netto iniziato il 26 ago; se persiste la settimana potrebbe risultare circa il 45 % al di sotto della media stagionale.



Azioni consigliate:

Verifica l’indice temperatura‑umidità (THI) per i giorni 26‑30 ago; se è alto attiva ventilazione, nebulizzatori e assicurati che le bufale abbiano acqua fresca ed elettroliti.
Controlla l’apporto di fibra e la qualità dei foraggi; eventuali riduzioni di concentrati possono mitigare lo stress termico.
Monitora le bufale con conducibilità > 8,9 mS/cm o residuo < ‑0,5; preleva campioni di latte per valutare le cellule somatiche […]";80667;1;False;D3C5498F193D58E8A0;[14:46, 31/08/2026] Marica Marches: ;2026-08-31T14:44:40;2026-08-31T14:46:09;True;OK;PASS;PASS;PASS;N/A;herd_query;24,25,26,27,28,29,30;results;;PASS;PASS;
AUTO_20260831_140744;smoke;27;1;SEL_GEN_005_V0_A1;SEL_GEN_005_V0;SEL_GEN_005;GENERICO;functional;FUNCTIONAL_GENERICO;;SEL_GEN_005;0;canonical;manual_selected;False;False;;HERD_006;exact;come vanno le fresche/altro gruppo?;group_status;group;;media produzione ultimi 7gg per animale, media DIM gruppo, delta produzione;"Riepilogo mandria/gruppo con dati disponibili:
{tabella}
Separare sempre segnali da conferme registrate e dichiarare domini non aggiornati.";Animale | DIM | Parità | Latte | Delta | Ruminazione | Segnali | Mungiture;Mancano aggregati aggiornati, denominatore animali attivi o storico sufficiente.;"Non dire 'sta bene' se mancano dati; distinguere assenza di segnale da assenza di dato. Non usare priorità non implementata; non diagnosticare a livello mandria.";Supportato se aggregati presenti;canonical;"Fresche (fase “fresh”) – 41 bufale – produzione totale 1 537 kg; residuo medio ‑0,29 (≈ ‑29 % rispetto alla curva attesa); conducibilità media 8,5. La produzione è notevolmente sotto le previsioni e la conducibilità è leggermente più alta della media della mandria, segnale di possibile infiammazione mammaria subclinica.



Interpretazione

Produzione ‑29 % indica deficit energetico tipico della transizione post‑parto, con rischio di chetosi.
Conducibilità > 8,0 suggerisce irritazione della mammella o SARA (acidosi ruminale).
Il numero di animali è il più piccolo del gruppo, perciò ogni perdita ha impatto rilevante sul totale.


Azioni consigliate

Alimentazione: distribuire i concentrati in più pasti, preceduti da foraggi di buona qualità; aumentare la fibra fisica efficace (peNDF ≈ 300‑330 g /kg SS) per favorire masticazione e tamponamento; aggiungere bicarbonato di sodio 200‑300 g /capo/giorno se pH ruminale < 6.
Monitoraggio: controllare quotidianamente la conducibilità; prelevare sangue su bufale con residuo < ‑0,30 per BHB/NEFA; misurare BCS ogni sette giorni e intervenire se < 3,5 […]";84653;1;False;F9FAD677706D34F1AF;[14:47, 31/08/2026] Marica Marches: ;2026-08-31T14:46:14;2026-08-31T14:47:47;True;OK;PASS;PASS;PASS;N/A;group;;results;;PASS;PASS;
