run_id;run_mode;sequence_no;test_id;case_id;area;suite_type;scenario;scenario_turn;block;variant_index;variant_type;variant_source;previously_executed;prior_validated;prior_result;source_case_id;source_mapping;question;evaluation_profile;expected_scope;expected_animal;input_data;expected_behavior;expected_fields;fallback;guardrail;support_current;probe_type;response;latency_ms;message_count;response_truncated;message_ids;whatsapp_metadata;send_system_timestamp;system_timestamp;collector_success;collector_note
AUTO_20260831_130203;smoke;1;SEL_MUNG_001_V0;SEL_MUNG_001;MUNGITURA;functional;FUNCTIONAL_MUNGITURA;;SEL_MUNG_001;0;canonical;manual_selected;False;False;;MUNG_007;adapted;quante vacche/bufale hanno prodotto poco?;low_milking_yield_list;herd;;lista animali, produzione baseline, produzione attesa, media mandria, media gruppo, animal ID, gruppo, DIM;"L'ultima sessione di mungitura ha registrato ""#n animali"" con una bassa produzione. Ecco i peggiori:";Animale | DIM | Gruppo | Ultima mungitura | Latte ultima mungitura | Atteso | Differenza | Intervallo mungitura;Mancano produzione ultima mungitura o baseline attesa.;"Non usare produzione per mungitura isolata come segnale clinico. Non usare priorità alta/media/bassa o score non implementati; ordinare solo per metrica disponibile.";Supportato se dati robot presenti;canonical;"392 bufale hanno una produzione inferiore di almeno 20 % rispetto al valore atteso nella giornata più recente.

Su 443 bufale per le quali sono disponibili dati, ciò equivale a circa 88 % della mandria.



Le cause più frequenti di produzione ridotta sono mastite, stress termico, deficit energetico (chetosi), problemi podali, frequenza di mungitura non adeguata o nutrizione carente.



Azioni consigliate:

Verificare la conduttività e, se disponibile, le SCC per individuare eventuali infezioni mammarie; prelevare campioni di latte e trattare secondo le indicazioni veterinarie.
Controllare il THI (indice di calore) e garantire ombra, ventilazione e acqua fresca.
Assicurare una razione bilanciata, con energia, proteine, vitamine A/E e selenio adeguati al DIM e alla parità.
Mantenere la frequenza di mungitura consigliata per la fase di lattazione (3‑4 volte/giorno in early lactation, 2‑3 volte in late lactation).
Esaminare i piedi per segni di zoppia e migliorare la pulizia e la morbidezza della cuccia.


Se vuoi approfondire le singole bufale più a rischio, dimmi pure.";67419;1;False;2425B8FAB3EEC7D696;[13:03, 31/08/2026] Marica Marches: ;2026-08-31T13:02:22;2026-08-31T13:03:38;True;OK
AUTO_20260831_130203;smoke;2;SEL_MUNG_002_V0;SEL_MUNG_002;MUNGITURA;functional;FUNCTIONAL_MUNGITURA;;SEL_MUNG_002;0;canonical;manual_selected;False;False;;MUNG_003;adapted;quali vacche/bufale hanno saltato la mungitura?;missed_or_reduced_milkings;herd;;ID, DIM, media milk sessions gruppo, numero sessioni di mungitura;Gli animali con un numero minore di sessioni registrate sono i seguenti:  . (se robot: controlla il loro stato di salute o il funzionamento del robot);Animale | DIM | Parità | Gruppo | Mungiture 24h | Baseline mungiture | Differenza | Ultima mungitura | Note;Manca baseline individuale delle mungiture o conteggio ultime 24h.;"Non diagnosticare zoppia o malattia solo da riduzione mungiture. Non usare priorità alta/media/bassa o score non implementati; ordinare solo per metrica disponibile.";Supportato se dati robot presenti;canonical;"145 bufale non hanno registrato mungitura per 30‑08‑2026


Esempio di alcune bufale mancanti (primo estratto):

#2396
#2406
#2439
#2494
#2531
#2981
#3030
#3069
#3106
#3121
#3122
#3124
#3134
#3142
#3153
#5128
#5133
#5223
#5264
#5274 … (la lista completa comprende 145 capi)


Controlla se queste bufale sono in asciuttezza, in fase di transizione (post‑/pre‑parto) o se vi sono problemi di sensori/registrazione.



Se vuoi approfondire singole bufale (stato di salute, ultimi segnali di triage o eventuali gap), fammi sapere.";38611;1;False;C70E3A1C57E22A6FA6;[13:04, 31/08/2026] Marica Marches: ;2026-08-31T13:03:43;2026-08-31T13:04:29;True;OK
AUTO_20260831_130203;smoke;3;SEL_MUNG_003_V0;SEL_MUNG_003;MUNGITURA;functional;FUNCTIONAL_MUNGITURA;;SEL_MUNG_003;0;canonical;manual_selected;False;False;;MUNG_001;exact;quali animali sono in ritardo?;milking_delay_list;herd;;ID, gruppo,  DIM,  ultima sessione registrata, ultima produzione, numero di sessioni nelle ultime 24h;Gli animali con maggiore ritardo tra le mungiture sono i seguenti:;Animale | DIM | Parità | Gruppo | Ultima mungitura | Ore da ultima mungitura | Soglia attesa | Produzione media 7g | Note dati;Manca ultima mungitura, stato attivo/in lattazione o soglia/intervallo atteso.;"Non associare ritardo a malattia senza altri segnali. Non usare priorità alta/media/bassa o score non implementati; ordinare solo per metrica disponibile.";Supportato se dati robot presenti;canonical;"#6946 (L3, DIM241):0,2kg—6,1kg(-96,7%)
#5659 (L3, DIM207):0,5kg—7,4kg(-93,2%)
#5762 (L3, DIM226):0,5kg—6,6kg(-92,5%)
#726 (L2, DIM222):0,6kg—7,2kg(-91,6%)
#2474 (L7, DIM275):0,4kg—4,0kg(-90,1%)
#165 (L6, DIM228):0,6kg—5,4kg(-88,9%)
#2491 (L2, DIM279):0,7kg—5,5kg(-87,3%)
#2516 (L2, DIM17):1,8kg—12,3kg(-85,4%)
#2422 (L2, DIM274):0,9kg—5,6kg(-84,0%)
#7340 (L5, DIM242):0,8kg—5,0kg(-83,9%)
#2468 (L3, DIM55):2,6kg—15,8kg(-83,5%)
#1320 (L14, DIM86):3,0kg—12,5kg(-75,9%)
#2543 (L2, DIM144):2,5kg—10,4kg(-75,9%)
#8042 (L1, DIM214):1,8kg—7,1kg(-74,8%)
#8058 (L2, DIM60):3,9kg—14,9kg(-73,8%)
#2479 (L3, DIM214):2,0kg—7,1kg(-71,7%)
#2467 (L2, DIM240):1,9kg—6,6kg(-71,2%)
#5127 (L5, DIM423):0,5kg—1,6kg(-69,3%)
#8148 (L1, DIM90):3,6kg—11,6kg(-68,9%)
#9552 (L5, DIM228):1,7kg—5,4kg(-68,5%)


Tutte queste 20 bufale mostrano una produzione molto inferiore al previsto (residual ≤ ‑0,68), segno di ritardo produttivo. Le cause più comuni sono mastite, chetosi o deficit energetico, stress termico, problemi podali e gestione inadeguata della mungitura […]";123123;1;False;5FF339B993741EB06C;[13:06, 31/08/2026] Marica Marches: ;2026-08-31T13:04:34;2026-08-31T13:06:45;True;OK
AUTO_20260831_130203;smoke;4;SEL_MUNG_004_V0;SEL_MUNG_004;MUNGITURA;functional;FUNCTIONAL_MUNGITURA;;SEL_MUNG_004;0;canonical;manual_selected;False;False;;MUNG_003;exact;quali vacche/bufale hanno meno mungiture?;low_milking_count;herd;;ID, gruppo, DIM, numero sessioni ultime 24h, media baseline mungiture;"Ho trovato {n_animali} animali con meno mungiture rispetto al loro andamento recente.
{tabella}
Verifica accesso a robot/sala, locomozione, comportamento e rifiuti robot.";Animale | DIM | Parità | Gruppo | Mungiture 24h | Baseline mungiture | Differenza | Ultima mungitura | Note;Manca baseline individuale delle mungiture o conteggio ultime 24h.;"Non diagnosticare zoppia o malattia solo da riduzione mungiture. Non usare priorità alta/media/bassa o score non implementati; ordinare solo per metrica disponibile.";Supportato se dati robot presenti;canonical;"#6946 (L3, DIM 241): 1 mungitura — pari alla media
#5659 (L3, DIM 207): 1 mungitura — pari alla media
#5762 (L3, DIM 226): 1 mungitura — pari alla media
#726 (L2, DIM 222): 1 mungitura — pari alla media
#2474 (L7, DIM 275): 1 mungitura — pari alla media
#165 (L6, DIM 228): 1 mungitura — pari alla media
#2491 (L2, DIM 279): 1 mungitura — pari alla media
#2516 (L2, DIM 17): 1 mungitura — pari alla media
#2422 (L2, DIM 274): 1 mungitura — pari alla media
#7340 (L5, DIM 242): 1 mungitura — pari alla media
#2468 (L3, DIM 55): 1 mungitura — pari alla media
#1320 (L14, DIM 86): 1 mungitura — pari alla media
#2543 (L2, DIM 144): 1 mungitura — pari alla media
#8042 (L1, DIM 214): 1 mungitura — pari alla media
#8058 (L2, DIM 60): 1 mungitura — pari alla media
#2479 (L3, DIM 214): 1 mungitura — pari alla media
#2467 (L2, DIM 240): 1 mungitura — pari alla media
#5127 (L5, DIM 423): 1 mungitura — pari alla media
#8148 (L1, DIM 90): 1 mungitura — pari alla media
#9552 (L5, DIM 228): 1 mungitura — pari alla media […]";80815;1;False;5159F3BED82B22F6DA;[13:08, 31/08/2026] Marica Marches: ;2026-08-31T13:06:50;2026-08-31T13:08:20;True;OK
AUTO_20260831_130203;smoke;5;SEL_MUNG_005_V0;SEL_MUNG_005;MUNGITURA;functional;FUNCTIONAL_MUNGITURA;;SEL_MUNG_005;0;canonical;manual_selected;False;False;;MUNG_002;exact;chi non è stata munta oggi?;not_milked_today;herd;;ID, gruppo, DIM, visite robot ultime 24h, nr sessioni mungitura valide, n mungiture baseline;Ecco gli animali che non hanno registrato una mungitura completa:;Animale | DIM | Parità | Gruppo | Ultima mungitura | Ore trascorse | Mungiture oggi | Visite robot oggi;Manca il conteggio mungiture giornaliero o il timestamp dei dati robot.;"Usare 'non risulta registrata' se c'è rischio dato non aggiornato. Non usare priorità alta/media/bassa o score non implementati; ordinare solo per metrica disponibile.";Supportato se dati robot presenti;canonical;"Al momento non disponiamo di dati di mungitura per la data odierna 2026‑08‑31.

Il registro “animal_day” non contiene righe con milking_visits_count per il 31 agosto, né indicazioni di “0” visite.



Dai dati disponibili abbiamo 588 bufale in mandria (elenco di 200 numeri mostrato), ma senza le informazioni sulle sessioni di mungitura non è possibile stabilire quali non siano state munte oggi.



Quando verranno caricati i dati di mungitura di oggi potrò fornirti l’elenco preciso delle bufale non munte.



Se ti serve un riepilogo per un giorno precedente (es. 2026‑08‑30) o per un intervallo, fammi sapere.";58219;1;False;42219E64489A0EE596;[13:09, 31/08/2026] Marica Marches: ;2026-08-31T13:08:25;2026-08-31T13:09:30;True;OK
AUTO_20260831_130203;smoke;6;SEL_MUNG_006_V0;SEL_MUNG_006;MUNGITURA;functional;FUNCTIONAL_MUNGITURA;;SEL_MUNG_006;0;canonical;manual_selected;False;False;;MUNG_010;exact;chi ha la conducibilità alta?;conductivity_list;herd;;ID, nr lattazione, DIM, gruppo, ultima conducibilità, media conducibilità gruppo, incremento conducibilità baseline;ecco gli animali con elevati valori di conducibilità:;Animale | DIM | Gruppo | Ultima mungitura | Conducibilità | Baseline/flag | Latte ultima | SCC score | Delta latte;Manca conducibilità aggiornata o baseline/flag aziendale.;"Non formulare diagnosi certa e non prescrivere terapie; usare 'segnale compatibile/da verificare'. Non usare priorità alta/media/bassa o score non implementati; ordinare solo per metrica disponibile.";Supportato se dati robot presenti;canonical;"#2474 (L7, DIM 275): 17.3 — +5.0 rispetto alla media (12.3)
#5127 (L5, DIM 423): 15.1 — +2.8 rispetto alla media (12.3)
#8102 (L1, DIM 104): 13.7 — +1.4 rispetto alla media (12.3)
#474 (L2, DIM 285): 13.3 — +1.0 rispetto alla media (12.3)
#662 (L6, DIM 268): 13.2 — +0.9 rispetto alla media (12.3)
#428 (L2, DIM 482): 12.9 — +0.6 rispetto alla media (12.3)
#7340 (L5, DIM 242): 12.9 — +0.6 rispetto alla media (12.3)


Conducibilità elevata è un segnale precoce di mastite subclinica: gli ioni (sodio, potassio) aumentano prima che la conta delle cellule somatiche salga o che la produzione diminuisca. Le bufale sopra elencate meritano un controllo immediato dell’udero, prelievo di latte per SCC e coltura, verifica della pulizia del capezzolo e del corretto funzionamento del sistema di mungitura. Se la conducibilità rimane alta nei giorni successivi, valuta terapia antibiotica intramammaria in accordo con il veterinario.



Se vuoi approfondire una di queste bufale in particolare, fammi sapere.";84980;1;False;824BE900F4B10D20CF;[13:11, 31/08/2026] Marica Marches: ;2026-08-31T13:09:35;2026-08-31T13:11:09;True;OK
AUTO_20260831_130203;smoke;7;SEL_MUNG_007_V0;SEL_MUNG_007;MUNGITURA;functional;FUNCTIONAL_MUNGITURA;;SEL_MUNG_007;0;canonical;manual_selected;False;False;;MUNG_012;adapted;quali primipare vanno poco al robot;primiparous_low_robot;herd;;ID, DIM, gruppo, nr visite ultime 24h, tempo dall'ultima visita, tempo di intervallo atteso;Ecco la lista completa delle primipare con poche visite volontarie:;Animale | DIM | Parità | Gruppo | Mungiture 24h | Visite robot | Ultima mungitura | Latte 24h;Manca DIM o dati robot.;Non parlare di chetosi/patologia senza segnali metabolici/produttivi aggiuntivi.;Supportato se dati robot presenti;canonical;"#8316 (P1): 1,0 visita/giorno — media gruppo 1,13 (‑0,13)
#3131 (P1): 1,0 visita/giorno — media gruppo 1,13 (‑0,13)
#3124 (P1): 1,0 visita/giorno — media gruppo 1,13 (‑0,13)
#3164 (P1): 1,0 visita/giorno — media gruppo 1,13 (‑0,13)
#8042 (P1): 1,0 visita/giorno — media gruppo 1,13 (‑0,13)
#3196 (P1): 1,0 visita/giorno — media gruppo 1,13 (‑0,13)
#3177 (P1): 1,0 visita/giorno — media gruppo 1,13 (‑0,13)
#3137 (P1): 1,0 visita/giorno — media gruppo 1,13 (‑0,13)


Le primipare sopra hanno la più bassa frequenza di passaggi al robot negli ultimi 7 giorni. Una visita media di 1,0 al giorno può indicare difficoltà o disagi: possibile mastite subclinica, dolore all’udero o podale, stress da calore, problemi di riconoscimento al robot o condizioni metaboliche (cheto‑si, ipocalcemia).



Azioni consigliate:

Controllare la conducibilità del latte e, se alta, prelevare campione per SCC.
Osservare il comportamento al robot (tempo di permanenza, tentativi di ingresso).
Verificare i log del robot per errori di riconoscimento o porte bloccate.
Valutare rapidamente la podologia per eventuali zoppie o lesioni […]";76929;1;False;C374F112BB0C5AABE3;[13:12, 31/08/2026] Marica Marches: ;2026-08-31T13:11:14;2026-08-31T13:12:39;True;OK
AUTO_20260831_130203;smoke;8;SEL_MUNG_008_V0;SEL_MUNG_008;MUNGITURA;functional;FUNCTIONAL_MUNGITURA;;SEL_MUNG_008;0;canonical;manual_selected;False;False;;PROD_001;exact_cross_area;chi ha calato il latte oggi?;production_drop_list;herd;;ID, gruppo, lattazione, DIM, baseline individuale (media n giorni), ultima produzione produzione, delta produzione;Gli animali con il maggiore calo individuale sono i seguenti:;Animale | DIM | Parità | Gruppo | Latte attuale | Baseline/media | Delta kg | Delta % | Segnali associati;Manca produzione aggiornata o baseline/media recente.;Non indicare causa certa del calo se non ci sono segnali concordanti.;Supportato se produzione e baseline presenti;canonical;"Al momento non ci sono dati di calo per la data di oggi (31 agosto 2026); il file contiene solo le mungiture del giorno precedente (30 agosto 2026).

#6946 (L3, DIM 241): 0,2 kg — attesi 6,10 kg (-96,7 %)
#5659 (L3, DIM 207): 0,5 kg — attesi 7,35 kg (-93,2 %)
#5762 (L3, DIM 226): 0,5 kg — attesi 6,63 kg (-92,5 %)
#726 (L2, DIM 222): 0,6 kg — attesi 7,18 kg (-91,6 %)
#2474 (L7, DIM 275): 0,4 kg — attesi 4,04 kg (-90,1 %)
#165 (L6, DIM 228): 0,6 kg — attesi 5,40 kg (-88,9 %)
#2491 (L2, DIM 279): 0,7 kg — attesi 5,50 kg (-87,3 %)
#2516 (L2, DIM 17): 1,8 kg — attesi 12,32 kg (-85,4 %)
#2422 (L2, DIM 274): 0,9 kg — attesi 5,63 kg (-84,0 %)
#7340 (L5, DIM 242): 0,8 kg — attesi 4,95 kg (-83,9 %)


Se vuoi approfondire una o più di queste bufale, fammelo sapere.";102437;1;False;8CAE7A626166D1A586;[13:14, 31/08/2026] Marica Marches: ;2026-08-31T13:12:44;2026-08-31T13:14:34;True;OK
AUTO_20260831_130203;smoke;9;SEL_MUNG_009_V0;SEL_MUNG_009;MUNGITURA;functional;FUNCTIONAL_MUNGITURA;;SEL_MUNG_009;0;canonical;manual_selected;False;False;;PROD_002;exact_cross_area;quali sono le vacche/bufale con un calo superiore a 5 kg?;production_drop_threshold;herd;;ID, gruppo, lattazione, DIM, baseline individuale (media n giorni), ultima produzione produzione;"Animali con calo superiore a {X} kg:
{tabella}
La tabella è ordinata per scostamento produttivo, non per priorità.";Animale | DIM | Gruppo | Latte attuale | Baseline | Calo kg | Calo % | Note;Manca produzione, baseline o soglia interpretabile.;"Non usare priorità alta/media/bassa o score non implementati; ordinare solo per metrica disponibile.";Supportato se produzione e baseline presenti;canonical;"Bufale con calo > 5 kg (residuo ≤ ‑5 kg): 162 capi.

#2468 (L3, DIM 55): 2,6 kg — attesi 15,76 kg (‑13,16 kg, ‑84 %)
#8058 (L2, DIM 60): 3,9 kg — attesi 14,86 kg (‑10,96 kg, ‑74 %)
#2516 (L2, DIM 17): 1,8 kg — attesi 12,32 kg (‑10,52 kg, ‑85 %)
#2500 (L3, DIM 52): 5,9 kg — attesi 15,83 kg (‑9,93 kg, ‑63 %)
#444 (L3, DIM 27): 5,2 kg — attesi 14,73 kg (‑9,53 kg, ‑65 %)
#1320 (L14, DIM 86): 3,0 kg — attesi 12,47 kg (‑9,47 kg, ‑76 %)
#418 (L3, DIM 76): 5,6 kg — attesi 14,70 kg (‑9,10 kg, ‑62 %)
#3145 (L2, DIM 64): 5,7 kg — attesi 14,69 kg (‑8,99 kg, ‑61 %)
#2448 (L3, DIM 44): 6,9 kg — attesi 15,88 kg (‑8,98 kg, ‑57 %)
#2971 (L2, DIM 40): 6,2 kg — attesi 15,15 kg (‑8,95 kg, ‑59 %)


…e altre 152 bufale con calo ≥ 5 kg.



Possibili cause: stress termico (THI > 70), mastite (SCC alta, conducibilità), deficit energetico, problemi podali o riconoscimento robot.



Azioni rapide: verificare conduttività e SCC, controllare temperatura/umidità ambientale e attivare raffrescamento, ispezionare gli zoccoli, assicurare dry‑matter intake adeguato e confermare almeno 1,5 mungiture al giorno.



Se vuoi la lista completa o approfondire una singola bufala, fammi sapere.";137464;1;False;2673D85CC72AE77DE1;[13:16, 31/08/2026] Marica Marches: ;2026-08-31T13:14:39;2026-08-31T13:17:05;True;OK
AUTO_20260831_130203;smoke;10;SEL_PROD_001_V0;SEL_PROD_001;PRODUZIONE;functional;FUNCTIONAL_PRODUZIONE;;SEL_PROD_001;0;canonical;manual_selected;False;False;;PROD_006;exact;chi produce meno?;low_vs_group;herd;;ID, gruppo,DIM, ultima produzione, media gruppo, delta produzione;"Animali sotto la media del proprio gruppo:
{tabella}
Questo confronto è più utile se il gruppo è omogeneo per DIM/parità.";Animale | DIM | Parità | Gruppo | Latte attuale | Media gruppo | Delta vs gruppo | Delta vs se stessa;Manca gruppo o media gruppo calcolabile.;Non giudicare animale senza considerare DIM/parità quando disponibili.;Supportato se produzione e baseline presenti;canonical;"#6946 (L3, DIM 241): 0,2 kg — attesi 6,10 kg (‑5,90 kg, ‑96,7 %)
#2474 (L7, DIM 275): 0,4 kg — attesi 4,04 kg (‑3,64 kg, ‑90,1 %)
#5659 (L3, DIM 207): 0,5 kg — attesi 7,35 kg (‑6,85 kg, ‑93,2 %)
#5762 (L3, DIM 226): 0,5 kg — attesi 6,63 kg (‑6,13 kg, ‑92,5 %)
#726 (L2, DIM 222): 0,6 kg — attesi 7,18 kg (‑6,58 kg, ‑91,6 %)


Se vuoi approfondire una di queste bufale o visualizzare l’intera lista, fammi sapere.";81593;1;False;449A37C226D3FDA782;[13:18, 31/08/2026] Marica Marches: ;2026-08-31T13:17:18;2026-08-31T13:18:47;True;OK
AUTO_20260831_130203;smoke;11;SEL_PROD_002_V0;SEL_PROD_002;PRODUZIONE;functional;FUNCTIONAL_PRODUZIONE;;SEL_PROD_002;0;canonical;manual_selected;False;False;;PROD_005;exact;quale gruppo è calato nella produzione?;group_production_drop;group;;gruppo, n animali, produzione gruppo corrente, produzione baseline gruppo utlimi 7 gg, delta produzione gruppo;"Confronto produzione per gruppo:
{tabella}
Se il calo è concentrato nel gruppo, verificare anche fattore ambientale/gestionale/alimentare.";Gruppo | Animali | Latte medio attuale | Baseline gruppo | Delta kg/capo | THI | Note;Mancano gruppi o baseline produttive di gruppo.;Non concludere razione/ambiente senza dati di supporto.;Supportato se produzione e baseline presenti;canonical;"Dati: il gruppo con il calo più marcato è P2‑fresh (seconda parità, fase “fresh”). Media residuo relativo = ‑0,512, cioè produzione circa ‑51 % rispetto a quanto atteso dalla curva di lattazione. Tutti gli altri gruppi hanno residui meno negativi.



Perché può calare

Stress termico: se il THI supera 70 la dry‑matter intake diminuisce e la produzione cala fino al 50 % del deficit.
Possibile mastite subclinica: conduzione elevata del latte indica infiammazione precoce.
Deficit energetico nei primi giorni di lattazione, soprattutto se il foraggio fresco è scarso o poco palatabile.
Problemi podali: dolore agli zoccoli riduce le visite al mungitore.


Azioni immediate

Controllare la conducibilità media del latte delle bufale P2‑fresh; valori alti richiedono prelievo per coltura.
Verificare il THI delle ultime 24 h e, se >70, intensificare raffrescamento (spruzzatori, ventilazione).
Accertare la disponibilità e la qualità del foraggio, garantendo adeguata dry‑matter intake.
Ispezionare gli zoccoli per lesioni o corpi estranei; intervenire con pulizia, rasatura o trattamenti topici […]";48293;1;False;293F0347515371179C;[13:19, 31/08/2026] Marica Marches: ;2026-08-31T13:18:52;2026-08-31T13:19:48;True;OK
AUTO_20260831_130203;smoke;12;SEL_PROD_003_V0;SEL_PROD_003;PRODUZIONE;functional;FUNCTIONAL_PRODUZIONE;;SEL_PROD_003;0;canonical;manual_selected;False;False;;PROD_007;exact;perché animale 3118 ha calato?;production_drop_reason;animal;3118;DIM, gruppo, lattazione, delta produzione, allarmi attivi triage/probabilità patologia;"La {animal_id} è sotto il suo andamento recente di {production_delta_kg} kg.
{tabella}
Se conducibilità/SCC sono alterati, verifica latte e mammella; se ruminazione è bassa, controlla appetito/stato generale; se il gruppo cala con THI alto, valuta contesto ambientale.";Animale | Latte attuale | Baseline | Delta kg | Ruminazione | Conducibilità | SCC score | THI | Mungiture | Esito PECUS;Manca produzione/baseline o dati associati.;Non dare causa unica se segnali discordanti o assenti.;Supportato se produzione e baseline presenti;canonical;"3118: stress da calore, probabilità 76 %



Perdita stimata 8,1 kg / giorno (pred_loss_kg_day).



Segnali: calo produzione acuto ‑0,28 %, ore di caldo 24,0 h, perdita prevista 8,07 kg / giorno.



Azioni consigliate – attivare sistemi di raffrescamento (nebulizzatori o spruzzi in pre‑milking e corridoi, aprire ventilatori); offrire foraggi freschi e concentrati nelle ore più fresche (prima dell’alba o al tramonto) suddividendo la razione in più pasti; garantire acqua fresca e pulita a flusso continuo, eventualmente nebulizzandola; integrare vitamine A, E e minerali (zinco, selenio) e aumentare leggermente la densità energetica del concentrato, evitando eccessi che possano acidificare il rumine; monitorare consumo di foraggio, assunzione d’acqua e produzione per le prossime 24 h, se il calo persiste valutare visita veterinaria.



Se vuoi approfondisco ulteriori dettagli.";104225;1;False;DFBC16C88F82E8106D;[13:21, 31/08/2026] Marica Marches: ;2026-08-31T13:19:53;2026-08-31T13:21:46;True;OK
AUTO_20260831_130203;smoke;13;SEL_PROD_004_V0;SEL_PROD_004;PRODUZIONE;functional;FUNCTIONAL_PRODUZIONE;;SEL_PROD_004;0;canonical;manual_selected;False;False;;PROD_008;exact;quanti/quali animali mi costano di più?;economic_loss_list;herd;;ID, gruppo, DIM, produzione baseline, delta ultimi 7 gg, costo totale, produzione baseline  gruppo;"Animali con maggiore perdita economica stimata dai dati disponibili:
{tabella}
Mostra sempre se il prezzo latte è reale o default e il periodo della stima.";Animale | DIM | Gruppo | Calo kg/g | Prezzo latte usato | Perdita €/g | Base calcolo | Note;Manca prezzo latte, baseline o perdita calcolabile.;Non mostrare euro se il calcolo non è supportato.;Supportato se produzione e baseline presenti;canonical;;;0;False;;;2026-08-31T13:21:51;2026-08-31T13:24:21;False;TIMEOUT_ABORT_RUN
AUTO_20260831_130203;smoke;13;2;SEL_PROD_004_V0_A2;SEL_PROD_004_V0;SEL_PROD_004;PRODUZIONE;functional;FUNCTIONAL_PRODUZIONE;;SEL_PROD_004;0;canonical;manual_selected;False;False;;PROD_008;exact;quanti/quali animali mi costano di più?;economic_loss_list;herd;;ID, gruppo, DIM, produzione baseline, delta ultimi 7 gg, costo totale, produzione baseline  gruppo;"Animali con maggiore perdita economica stimata dai dati disponibili:
{tabella}
Mostra sempre se il prezzo latte è reale o default e il periodo della stima.";Animale | DIM | Gruppo | Calo kg/g | Prezzo latte usato | Perdita €/g | Base calcolo | Note;Manca prezzo latte, baseline o perdita calcolabile.;Non mostrare euro se il calcolo non è supportato.;Supportato se produzione e baseline presenti;canonical;"3 bufale sono quelle con la perdita di latte più alta.

#2516: mastite al parto, probabilità 65 % – perdita 8,8 kg/giorno
#3118: stress termico, probabilità 76 % – perdita 8,1 kg/giorno
#1320: stress termico, probabilità 73 % – perdita 7,7 kg/giorno


Mastite al parto riduce drasticamente la sintesi lattiera perché l’infiammazione compromette la mammella; lo stress termico costringe l’animale a spendere energia per raffreddarsi (respirazione accelerata, ridotto consumo di cibo), sottraendola alla produzione di latte.



Azioni consigliate

#2516: controllare la conducibilità del latte, prelevare campione entro 24 h per SCC e coltura, avviare terapia antibiotica mirata dopo valutazione veterinaria.
#3118 e #1320: attivare raffreddamento attivo (nebulizzatori o spruzzi) e ventilazione forzata nelle aree di pre‑mungere e alimentazione, garantire acqua fresca ed elettroliti, ridurre la concentrazione energetica del concentrato del 10 % e aumentare fibra efficace nella dieta. Monitorare quotidianamente THI e impostare alert quando supera 78.


Se vuoi approfondisco le singole misure o il monitoraggio.";54207;1;False;3E5B353773B9C2C040;[15:59, 31/08/2026] Marica Marches: ;2026-08-31T15:58:54;2026-08-31T15:59:56;True;OK
AUTO_20260831_130203;smoke;14;1;SEL_PROD_005_V0_A1;SEL_PROD_005_V0;SEL_PROD_005;PRODUZIONE;functional;FUNCTIONAL_PRODUZIONE;;SEL_PROD_005;0;canonical;manual_selected;False;False;;PROD_010;exact;chi perde latte da più giorni?;persistent_milk_loss;herd;;ID, gruppo, dIM, produzione baseline, delta ultimi 7 gg, n giorni sotto baseline;"Animali con calo produttivo persistente:
{tabella}
Distinguere se il segnale è individuale o condiviso dal gruppo.";Animale | DIM | Gruppo | Giorni sotto baseline | Calo medio kg | Calo massimo | Segnali associati | Ultimo esito;Manca storico produzione sufficiente.;Non usare 'cronico' senza regola validata e storico clinico.;Supportato se produzione e baseline presenti;canonical;"Nessuna bufala registra una perdita di latte da più di un giorno.



Al momento le sole segnalazioni di perdita sono di un giorno:

#150: giorni_deviante 1, probabilità 14 %, motivo “conducibilità +4,3σ”.
#7025: giorni_deviante 1, probabilità 9 %, motivo “conducibilità +5,5σ, resa vs curva -1,7σ”.
#2543: giorni_deviante 1, probabilità 2 %, motivo “conducibilità +9,6σ”.


Se vuoi approfondire una di queste bufale (previsioni a breve, segnali specifici o azioni consigliate), fammi sapere.";29597;1;False;AA5C3BB5C0F5E031BA;[16:00, 31/08/2026] Marica Marches: ;2026-08-31T16:00:02;2026-08-31T16:00:39;True;OK
AUTO_20260831_130203;smoke;15;1;SEL_MAST_001_V0_A1;SEL_MAST_001_V0;SEL_MAST_001;MASTITE;functional;FUNCTIONAL_MASTITE;;SEL_MAST_001;0;canonical;manual_selected;False;False;;MAMM_001;guardrail_adapted;chi ha la mastite oggi?;mammary_signal_list;herd;;ID, gruppo, dim, lattazione, conducibilità corrente, media conducibilità ultimi 7 gg, conta SCC, delta produzione, probabilità triage;Gli animali che presentano segnali mammari elevati sono i seguenti:;Animale | DIM | Parità | Gruppo | Segnale mammario | Conducibilità | SCC score | Calo latte | Ultimo dato;Mancano dati mammari aggiornati o campi necessari per questa domanda.;"Non formulare diagnosi certa e non prescrivere terapie; usare 'segnale compatibile/da verificare'. Non usare 'mastite certa'; usare 'segnale mammario'. Non usare priorità alta/media/bassa o score non implementati; ordinare solo per metrica disponibile.";Supportato se dati mammari presenti;canonical;"#7382: mastite, probabilità 67 %, perdita prevista 4,3 kg/giorno – segnalazione 25‑08‑2026
#8079: mastite, probabilità 62 %, perdita prevista 4,2 kg/giorno – segnalazione 25‑08‑2026


Le due bufale risultano a rischio di mastite sulla base dell’ultimo scoring (25 ago 2026).



Azioni consigliate: verifica della conducibilità del latte e, se supera la media della mandria, preleva campione per SCC e coltura entro 24 h; controlla la mammella per gonfiore o secrezioni; isola temporaneamente le due bufale; avvia terapia antibiotica mirata dopo conferma microbiologica; mantieni pulizia accurata del capezzolo e regola la routine di mungitura per evitare diffusione.



Se vuoi approfondire i protocolli di trattamento o il monitoraggio giornaliero, fammi sapere.";35501;1;False;5C7DCB7B8EEB950D97;[16:01, 31/08/2026] Marica Marches: ;2026-08-31T16:00:52;2026-08-31T16:01:34;True;OK
AUTO_20260831_130203;smoke;16;1;SEL_MAST_002_V0_A1;SEL_MAST_002_V0;SEL_MAST_002;MASTITE;functional;FUNCTIONAL_MASTITE;;SEL_MAST_002;0;canonical;manual_selected;False;False;;MAMM_002;exact;Quali vacche hanno conducibilità elevata?;conductivity_list;herd;;ID, gruppo, DIM , lattazione, ultima conducibilità, baseline conducibilità, delta utlimi 3 giorni;"Animali/dati mammari richiesti:
{tabella}
Interpretazione: usa questi dati come segnale mammario da verificare in stalla; controlla latte, mammella e CMT/campione se previsto dal protocollo.";Animale | DIM | Gruppo | Conducibilità | Baseline/Soglia | Ultima mungitura | SCC score | Calo latte;Mancano dati mammari aggiornati o campi necessari per questa domanda.;"Non formulare diagnosi certa e non prescrivere terapie; usare 'segnale compatibile/da verificare'. Non usare 'mastite certa'; usare 'segnale mammario'. Non usare priorità alta/media/bassa o score non implementati; ordinare solo per metrica disponibile.";Supportato se dati mammari presenti;canonical;"#2474 (L7, DIM 275): 17,3 — +3,8 rispetto alla media della mandria
#5127 (L5, DIM 423): 15,1 — +1,6 rispetto alla media della mandria
#8102 (L1, DIM 104): 13,7 — +0,2 rispetto alla media della mandria


La conduttività del latte è un indicatore precoce di infiammazione mammaria: valori più alti riflettono un aumento di ioni e proteine legati a possibili mastiti, spesso prima di segni clinici evidenti. Nei sistemi di mungitura automatica la rilevazione tempestiva consente di intervenire subito, limitando la diffusione dell’infezione e le perdite di produzione.



Azioni consigliate:

Controllare in tempo reale la conduttività di queste tre bufale e confrontarla con la media della stalla.
Prelevare campioni di latte per SCC e coltura batterica entro 24 h.
Isolare temporaneamente le bufale in una zona di mungitura dedicata fino a risultati di laboratorio.
Pulire i capezzoli con disinfettante prima di ogni mungitura.
Se confermata mastite, avviare terapia antibiotica mirata secondo indicazioni veterinarie e monitorare conduttività e SCC per 3‑5 giorni.


Se vuoi approfondire protocolli di prelievo o impostare alert automatici, fammi sapere.";32886;1;False;733163000BB01E9DF9;[16:02, 31/08/2026] Marica Marches: ;2026-08-31T16:01:40;2026-08-31T16:02:21;True;OK
AUTO_20260831_130203;smoke;17;1;SEL_MAST_003_V0_A1;SEL_MAST_003_V0;SEL_MAST_003;MASTITE;functional;FUNCTIONAL_MASTITE;;SEL_MAST_003;0;canonical;manual_selected;False;False;;MAMM_006;guardrail_adapted;perché l'animale 2516 è segnalata per mastite?;mammary_reason;animal;2516;dim, gruppo, lattazione, conducibilità, SCC, conducibilità quarto maggiore, delta produzione, perdita prevista;"Animali/dati mammari richiesti:
{tabella}
Interpretazione: usa questi dati come segnale mammario da verificare in stalla; controlla latte, mammella e CMT/campione se previsto dal protocollo.";Animale | Segnale | Conducibilità | SCC score | Calo latte | Ultima mungitura | DIM | Gruppo;Mancano dati mammari aggiornati o campi necessari per questa domanda.;"Non formulare diagnosi certa e non prescrivere terapie; usare 'segnale compatibile/da verificare'. Non usare 'mastite certa'; usare 'segnale mammario'. Non usare priorità alta/media/bassa o score non implementati; ordinare solo per metrica disponibile.";Supportato se dati mammari presenti;canonical;"#2516: 8,8 kg/giorno — perdita stimata
2516: mastite al parto, probabilità 65 %

Perdita stimata 8,8 kg/giorno.

Segnali: scostamento medio 10 gg -0,87 %, perdita prevista ML 8,78 kg/giorno, conducibilità persistente +0,81 z‑score.

Azioni: verifica la conducibilità, preleva latte per SCC e coltura entro 24 h, porta la bufala in zona di quarantena, igienizza il capezzolo prima di ogni mungitura, avvia terapia antibiotica mirata secondo indicazione veterinario, monitora quotidianamente conducibilità, SCC e produzione.



Se vuoi approfondisco il protocollo di prelievo e terapia.";49459;1;False;A308218F29E94ED2C5;[16:03, 31/08/2026] Marica Marches: ;2026-08-31T16:02:26;2026-08-31T16:03:22;True;OK
AUTO_20260831_130203;smoke;18;1;SEL_MAST_004_V0_A1;SEL_MAST_004_V0;SEL_MAST_004;MASTITE;functional;FUNCTIONAL_MASTITE;;SEL_MAST_004;0;canonical;manual_selected;False;False;;MAMM_012;exact;chi è segnata per mastite per più giorni?;persistent_mammary_signal;herd;;ID, gruppo, lattazione, DIM, timestamp prima segnalazione,;"Animali/dati mammari richiesti:
{tabella}
Interpretazione: usa questi dati come segnale mammario da verificare in stalla; controlla latte, mammella e CMT/campione se previsto dal protocollo.";Animale | DIM | Gruppo | Giorni con segnale | Primo segnale | Ultimo segnale | Esiti registrati | Trend latte;Mancano dati mammari aggiornati o campi necessari per questa domanda.;"Non formulare diagnosi certa e non prescrivere terapie; usare 'segnale compatibile/da verificare'. Non usare 'mastite certa'; usare 'segnale mammario'. Non usare priorità alta/media/bassa o score non implementati; ordinare solo per metrica disponibile.";Parziale: dipende dallo storico;canonical;"#7382: 1 giorno segnata per mastite
#8079: 1 giorno segnata per mastite


Entrambe le bufale hanno la segnalazione più lunga: 1 giorno (il 25 agosto 2026). Non ci sono altre bufale con più giorni consecutivi di segnalazione.



Cosa fare

Controlla la conducibilità del latte di #7382 e #8079; valori sopra la media indicano infiammazione.
Preleva campione di latte entro 24 h per SCC e coltura. Un SCC ≥ 200 000 cellule/mL conferma mastite.
Isola temporaneamente le due bufale in zona mungitura dedicata per limitare la diffusione.
Disinfetta il capezzolo prima di ogni mungitura.
Se la coltura identifica un patogeno batterico, avvia terapia antibiotica mirata secondo indicazioni veterinarie, rispettando i tempi di sospensione.
Monitora quotidianamente conducibilità e SCC per 3‑5 giorni dopo l’avvio della terapia; verifica il ritorno della produzione al livello atteso.


Se vuoi approfondire il protocollo di prelievo o impostare alert automatici, fammi sapere.";32347;1;False;925670A52460BB977D;[16:03, 31/08/2026] Marica Marches: ;2026-08-31T16:03:27;2026-08-31T16:04:08;True;OK
AUTO_20260831_130203;smoke;19;1;SEL_MET_001_V0_A1;SEL_MET_001_V0;SEL_MET_001;METABOLICO;functional;FUNCTIONAL_METABOLICO;;SEL_MET_001;0;canonical;manual_selected;False;False;;MET_002;guardrail_adapted;Chi ha chetosi?;possible_ketosis_list;herd;;id, gruppo, DIM, lattazione, delta produzione, delta ruminazione, produzione attesa;"Animali/dati metabolici richiesti:
{tabella}
Interpretazione: descrivere come segnale metabolico compatibile da verificare, usando appetito, riempimento ruminale, BHB se disponibile e protocollo aziendale/professionale.";Animale | DIM | Gruppo | Segnale compatibile | Calo latte | Ruminazione | F:P | BHB registrato;Mancano produzione, ruminazione, DIM, componenti latte o segnale metabolico necessari per questa domanda.;"Non formulare diagnosi certa e non prescrivere terapie; usare 'segnale compatibile/da verificare'. Non dire 'chetosi certa' e non suggerire somministrazioni. Non usare priorità alta/media/bassa o score non implementati; ordinare solo per metrica disponibile.";Supportato se segnali metabolici presenti;canonical;"#2516: probabilità 78 % — perdita prevista 8,8 kg/giorno
#3118: probabilità 78 % — perdita prevista 8,1 kg/giorno
#444: probabilità 70 % — perdita prevista 6,5 kg/giorno
#2468: probabilità 70 % — perdita prevista 6,4 kg/giorno
#2448: probabilità 67 % — perdita prevista 6,0 kg/giorno


Le cinque bufale risultano a rischio di chetosi subclinica con una probabilità dal 67 % al 78 % e una stima di perdita di latte giornaliera compresa tra 6 e 9 kg.



Azioni consigliate:

Prelevare campioni di latte (BHB) o di sangue (BHB/NEFA) su tutte le cinque bufe per confermare la chetosi; valori soglia BHB > 1,4 mM (latte) o > 1,0 mM (sangue) indicano la condizione.
Incrementare l’apporto energetico nella dieta di transizione: aggiungere glucidi fermentabili, olio vegetale o glucosio‑propionato.
Garantire adeguato apporto di calcio nei primi giorni post‑parto (sali di calcio o fosfati).
Valutare, se i test confermano la chetosi, somministrazione di propylene glycol (≈300 g/100 kg di peso, 2‑3 volte al giorno per 2‑3 giorni) sotto indicazione veterinaria […]";34556;1;False;7DCFDC1D2167AB50C7;[16:04, 31/08/2026] Marica Marches: ;2026-08-31T16:04:21;2026-08-31T16:05:04;True;OK
AUTO_20260831_130203;smoke;20;1;SEL_MET_002_V0_A1;SEL_MET_002_V0;SEL_MET_002;METABOLICO;functional;FUNCTIONAL_METABOLICO;;SEL_MET_002;0;canonical;manual_selected;False;False;;PROD_014;exact_cross_area;quali animali hanno calo latte e ruminazione?;milk_rumination_drop;herd;;ID, gruppo, DIM, delta produzione, delta ruminazione;"Animali con calo produttivo e ruminazione ridotta:
{tabella}
Controlla appetito, riempimento ruminale e comportamento; BHB se previsto da protocollo.";Animale | DIM | Gruppo | Calo kg | Ruminazione attuale | Delta ruminazione | THI | Note;Mancano ruminazione o baseline ruminazione.;"Non formulare diagnosi certa e non prescrivere terapie; usare 'segnale compatibile/da verificare'.";Supportato se produzione e baseline presenti;canonical;"#150 (probabilità 14 %): conducibilità +4,3 σ, 1 giorno deviante
#7025 (probabilità 9 %): conducibilità +5,5 σ, resa –1,7 σ, 1 giorno deviante
#2543 (probabilità 2 %): conducibilità +9,6 σ, 1 giorno deviante


Le tre bufale mostrano valori di conducibilità molto alti, tipici di infiammazioni mammarie che riducono la produzione di latte e l’appetito/ruminazione. Per la #7025 il segnale di resa inferiore indica già un calo di output.



Azioni consigliate:

Controlla quotidianamente la conducibilità e, se possibile, il conteggio delle cellule somatiche (SCC).
Preleva latte per coltura e, se confermata mastite, avvia terapia antibiotica secondo indicazioni veterinarie.
Isola le bufale in una zona mungitura dedicata, igienizza i capezzoli prima di ogni mungitura e riduci i contatti con le altre animali.
Garantisci una dieta energetica adeguata e acqua fresca; se la ruminazione resta bassa valuta un supplemento di energia rapida sotto supervisione veterinaria.
Monitora nei giorni successivi produzione e numero di mungiture per verificare il recupero.


Se vuoi approfondisco il protocollo di gestione per ciascuna bufala, fammi sapere.";37413;1;False;D30FBC55F88A7A72CD;[16:05, 31/08/2026] Marica Marches: ;2026-08-31T16:05:09;2026-08-31T16:05:55;True;OK
AUTO_20260831_130203;smoke;21;1;SEL_MET_003_V0_A1;SEL_MET_003_V0;SEL_MET_003;METABOLICO;functional;FUNCTIONAL_METABOLICO;;SEL_MET_003;0;canonical;manual_selected;False;False;;MET_005;exact;l'animale 3118 rumina bene?;rumination_animal;animal;3118;lattazione, DIM, ruminazione, baseline ruminazione, delta ruminazione;"Animali/dati metabolici richiesti:
{tabella}
Interpretazione: descrivere come segnale metabolico compatibile da verificare, usando appetito, riempimento ruminale, BHB se disponibile e protocollo aziendale/professionale.";Dato | Valore | Baseline | Scostamento | Note;Mancano produzione, ruminazione, DIM, componenti latte o segnale metabolico necessari per questa domanda.;"Non formulare diagnosi certa e non prescrivere terapie; usare 'segnale compatibile/da verificare'. Non dire 'chetosi certa' e non suggerire somministrazioni. Non usare priorità alta/media/bassa o score non implementati; ordinare solo per metrica disponibile.";Supportato se segnali metabolici presenti;canonical;"3118: stress da caldo, probabilità 76%



Perdita stimata 8,1 kg/giorno



Segnali: calo produzione acuto -0,28 %; ore di caldo 24 h; perdita prevista 8,07 kg/giorno



Azioni: riduci l’esposizione al caldo con ombra, ventilazione o nebulizzatori; fornisci acqua fresca e pulita in più punti; aumenta la densità energetica del concentrato (es. olio vegetale) senza eccedere per evitare acidificazione del rumine; somministra i pasti nelle ore più fresche, più volte al giorno; controlla che la bufala trascorra più tempo a masticare che a bere e verifica la quantità di foraggio ingerita; se la ruminazione resta debole per più di 2‑3 giorni o compaiono altri segni, chiama il veterinario.";32939;1;False;1BF00B255F8C303B93;[16:06, 31/08/2026] Marica Marches: ;2026-08-31T16:06:00;2026-08-31T16:06:40;True;OK
AUTO_20260831_130203;smoke;22;1;SEL_MET_004_V0_A1;SEL_MET_004_V0;SEL_MET_004;METABOLICO;functional;FUNCTIONAL_METABOLICO;;SEL_MET_004;0;canonical;manual_selected;False;False;;CUSTOM_SELECTED;custom_selected;chi ha grasso elevato nel latte?;high_milk_fat;herd;;ID, gruppo, lattazione, DIM, fat_pct, ultima produzione, n sessioni mungitura;;;;"Non formulare diagnosi certa; non prescrivere terapia; non usare priorità non implementata.";Selezionato manualmente come attualmente supportato;canonical;"Dati disponibili

#111 (L6, DIM 5): avg_milk_fat non rilevato – non è possibile identificare nessuna bufala con grasso elevato perché il sistema non ha registrato la percentuale di grassi nel latte.


Cosa significa un aumento dei grassi e come gestirlo

Cause nutrizionali: aggiunta improvvisa di oli o grassi protetti, cambi di foraggio che alterano la bio‑idrogenazione ruminale (intermedi come C18:2 trans‑10,cis‑12) o carenza di fibra/energia fermentabile.
Fattori di salute: mastite subclinica, cheto‑si o stress termico possono modificare la composizione del latte.
Strategie: campionare il latte per analisi di grassi almeno una volta al mese; introdurre gradualmente eventuali fonti di grassi nella razione (≤ 5 % della dieta totale); controllare qualità e proporzione di fibra; ridurre lo stress da caldo con ombra, ventilazione e acqua fresca; verificare SCC e conducibilità per identificare mastiti subcliniche.


Azioni consigliate subito

Attivare la misurazione della composizione del latte sul sistema di mungitura o organizzare prelievi in laboratorio per le bufale.
Segnalare eventuali recenti variazioni dietetiche (nuovi foraggi, oli, grassi protetti) […]";54514;1;False;B1AC1B6AED6D0DD1CA;[16:07, 31/08/2026] Marica Marches: ;2026-08-31T16:06:45;2026-08-31T16:07:48;True;OK
AUTO_20260831_130203;smoke;23;1;SEL_GEN_001_V0_A1;SEL_GEN_001_V0;SEL_GEN_001;GENERICO;functional;FUNCTIONAL_GENERICO;;SEL_GEN_001;0;canonical;manual_selected;False;False;;ID_004;exact;l'animale 3118 è in lattazione?;lactation_status;animal;3118;status animale, gruppo, lattazione, DIM, ultimo parto;"Identikit animale con i dati attualmente disponibili:
{tabella}
Dichiarare sempre i domini mancanti: riproduzione/asciutta/razione se non integrati.";Animale | Stato lattazione | DIM | Ultima mungitura | Ultimo aggiornamento;Animale non trovato o dati base insufficienti per costruire l'identikit.;"Non inventare dati riproduttivi, asciutta, trattamenti o stato non presente. Non dire 'sta bene' se mancano dati; distinguere assenza di segnale da assenza di dato.";Supportato parziale;canonical;"Dati

#3118 (L2, DIM 62): in lattazione — fase peak


Spiegazione

La bufala 3118 è nella seconda lattazione, con 62 giorni in latte (DIM 62) e si trova nella fase di picco della curva di produzione.



Azioni consigliate

Continua a monitorare la produzione giornaliera, controlla la condizione della mammella e verifica che l’alimentazione sia adeguata per sostenere il picco di resa.



Se vuoi approfondisco la sua produzione attuale rispetto a quella attesa.";22115;1;False;D4B47284944B0A8A31;[16:08, 31/08/2026] Marica Marches: ;2026-08-31T16:08:01;2026-08-31T16:08:31;True;OK
AUTO_20260831_130203;smoke;24;1;SEL_GEN_002_V0_A1;SEL_GEN_002_V0;SEL_GEN_002;GENERICO;functional;FUNCTIONAL_GENERICO;;SEL_GEN_002;0;canonical;manual_selected;False;False;;ID_001;exact;mostrami l'animale 3118;animal_profile;animal;3118;status, gruppo, lattazione, DIM, ultimo parto, asciutta prevista?, baseline produzione, probabilità triage;"Identikit animale con i dati attualmente disponibili:
{tabella}
Dichiarare sempre i domini mancanti: riproduzione/asciutta/razione se non integrati.";Sezione | Dato | Valore | Ultimo aggiornamento | Nota;Animale non trovato o dati base insufficienti per costruire l'identikit.;"Non inventare dati riproduttivi, asciutta, trattamenti o stato non presente. Non dire 'sta bene' se mancano dati; distinguere assenza di segnale da assenza di dato.";Supportato parziale;canonical;"3118 (L2, DIM 62): heat stress, probabilità 76 %

Produce 6,0 kg — attesi 14,78 kg (-8,78 kg, -59,4 %). Perdita stimata 8,1 kg/giorno

Segnali: produzione 6,0 kg, residuo -8,78 kg (-59,4 %), conducibilità 7,8, mungiture 1

Azioni: spostare la bufala in zona ombreggiata o meglio ventilata; attivare nebulizzatori 30 min nelle ore più calde; assicurare acqua fresca illimitata; aumentare leggermente l’energia della razione (es. olio vegetale); monitorare produzione e residuo per 48 h e, se la perdita supera 8 kg/giorno per più di 2 giorni, contattare il veterinario.



Se vuoi approfondisco l'andamento o la previsione.";50346;1;False;998AF83705069E5D55;[16:09, 31/08/2026] Marica Marches: ;2026-08-31T16:08:36;2026-08-31T16:09:33;True;OK
AUTO_20260831_130203;smoke;25;1;SEL_GEN_003_V0_A1;SEL_GEN_003_V0;SEL_GEN_003;GENERICO;functional;FUNCTIONAL_GENERICO;;SEL_GEN_003;0;canonical;manual_selected;False;False;;HERD_001;exact;com'è oggi la stalla?;herd_status;herd;;nr animali in lattazione, produzione tot, nr problemi segnalati per classe triage;"Riepilogo mandria/gruppo con dati disponibili:
{tabella}
Separare sempre segnali da conferme registrate e dichiarare domini non aggiornati.";Sezione | Valore | Nota | Dati usati;Mancano aggregati aggiornati, denominatore animali attivi o storico sufficiente.;"Non dire 'sta bene' se mancano dati; distinguere assenza di segnale da assenza di dato. Non usare priorità non implementata; non diagnosticare a livello mandria.";Supportato se aggregati presenti;canonical;"Dati al 30‑08‑2026: 443 bufale in lattazione. Produzione totale ≈ 2 640 kg di latte (≈5,94 kg per bufala). Residuo medio ‑0,40 → produzione circa 40 % inferiore al valore atteso. Volatilità residuo 0,27, indica variazioni giornaliere. THI massimo ≈ 84,8, soglia di stress termico moderato‑severo.



Il calo del 40 % è tipico di condizioni di calore elevato: il THI > 80 riduce l’assunzione di cibo, aumenta la temperatura corporea e la frequenza respiratoria, e diminuisce la produzione. La volatilità suggerisce che l’effetto è variabile giorno per giorno.



Azioni consigliate: attivare nebulizzatori o spruzzi d’acqua nelle ore più calde e garantire ventilazione adeguata; assicurare acqua fresca e pulita a volontà; aumentare leggermente l’apporto energetico (es. olio vegetale ≤ 5 % della razione) mantenendo buona fibra; monitorare nei prossimi 48 h i residuali e la volatilità, e se la produzione rimane sotto ‑30 % per più di due giorni, contattare il veterinario per escludere mastite o altre patologie.



Se vuoi approfondisco singole bufale o programmi di raffreddamento più dettagliati.";44415;1;False;4F7611818E0619CA98;[16:10, 31/08/2026] Marica Marches: ;2026-08-31T16:09:38;2026-08-31T16:10:31;True;OK
AUTO_20260831_130203;smoke;26;1;SEL_GEN_004_V0_A1;SEL_GEN_004_V0;SEL_GEN_004;GENERICO;functional;FUNCTIONAL_GENERICO;;SEL_GEN_004;0;canonical;manual_selected;False;False;;HERD_005;adapted;come sta andando la produzione?;herd_production_trend;herd;;produzione media mandria corrente, delta mesi precedenti, delta anno precedente;"Riepilogo mandria/gruppo con dati disponibili:
{tabella}
Separare sempre segnali da conferme registrate e dichiarare domini non aggiornati.";Periodo | Latte medio/capo | Baseline | Delta | Animali attivi | Note;Mancano aggregati aggiornati, denominatore animali attivi o storico sufficiente.;"Non dire 'sta bene' se mancano dati; distinguere assenza di segnale da assenza di dato. Non usare priorità non implementata; non diagnosticare a livello mandria.";Supportato se aggregati presenti;canonical;"Dati della produzione (30‑08‑2026)

Bufale in lattazione: 443
Produzione totale: 2 636 kg
Produzione media per bufala: 5,94 kg/giorno
Scostamento medio dalla curva attesa: –40 % (produzione circa 40 % inferiore al valore previsto)
Volatilità del residuo: 0,27 (variazioni giornaliere moderate)
THI massimo: 84,8 (condizioni di stress termico da moderato a severo)


Interpretazione

Il THI sopra 80 influisce negativamente sulla temperatura corporea, aumenta la frequenza respiratoria e riduce l’assunzione di cibo, per cui la produzione cala di circa il 40 %. La volatilità indica che la resa varia di giorno in giorno, tipico quando le bufale reagiscono diversamente a picchi di caldo.



Azioni immediate

Attivare nebulizzatori o spruzzi d’acqua dalle 10 alle 16 h e garantire ventilazione con ventilatori o aperture.
Fornire acqua fresca e pulita in quantità illimitata, controllando l’accesso continuo.
Incrementare leggermente l’apporto energetico (es. olio vegetale ≤ 5 % della razione) mantenendo buona fibra.
Monitorare quotidianamente la conducibilità del latte e la frequenza di mungitura; segnalare valori in aumento o cali di mungitura […]";49883;1;False;0895914EC59F0765FA;[16:11, 31/08/2026] Marica Marches: ;2026-08-31T16:10:36;2026-08-31T16:11:34;True;OK
AUTO_20260831_130203;smoke;27;1;SEL_GEN_005_V0_A1;SEL_GEN_005_V0;SEL_GEN_005;GENERICO;functional;FUNCTIONAL_GENERICO;;SEL_GEN_005;0;canonical;manual_selected;False;False;;HERD_006;exact;come vanno le fresche/altro gruppo?;group_status;group;;media produzione ultimi 7gg per animale, media DIM gruppo, delta produzione;"Riepilogo mandria/gruppo con dati disponibili:
{tabella}
Separare sempre segnali da conferme registrate e dichiarare domini non aggiornati.";Animale | DIM | Parità | Latte | Delta | Ruminazione | Segnali | Mungiture;Mancano aggregati aggiornati, denominatore animali attivi o storico sufficiente.;"Non dire 'sta bene' se mancano dati; distinguere assenza di segnale da assenza di dato. Non usare priorità non implementata; non diagnosticare a livello mandria.";Supportato se aggregati presenti;canonical;"Dati (ultimo giorno di registrazione)

Fresh: 26 bufale, produzione media 6,15 kg/giorno, scostamento –42,1 % rispetto al valore atteso.
Peak: 142 bufale, produzione media 7,30 kg/giorno, scostamento –45,5 %.
Mid: 193 bufale, produzione media 5,69 kg/giorno, scostamento –39,7 %.
Late: 82 bufale, produzione media 4,10 kg/giorno, scostamento –32,4 %.


Spiegazione

Le bufale “fresh” stanno già producendo circa 6 kg al giorno, ma la resa è ancora 42 % sotto la curva di riferimento. Il picco (“peak”) è il più penalizzato, con quasi la metà della produzione attesa, segno di possibile stress termico o nutrizionale. Anche le fasi “mid” e “late” mostrano deficit, seppur meno marcati, indicanti una tendenza generale a sotto‑produrre.



Azioni consigliate

Incrementare l’apporto energetico nella razione delle bufale “fresh” e “peak” (es. aggiunta di olio vegetale ≤ 5 % della dieta) mantenendo fibra adeguata.
Potenziare il raffrescamento: nebulizzatori o spruzzi d’acqua nelle ore più calde e buona ventilazione, soprattutto per il gruppo “peak” […]";48817;1;False;3B610548874AC58A15;[16:12, 31/08/2026] Marica Marches: ;2026-08-31T16:11:39;2026-08-31T16:12:36;True;OK
