test_id;case_id;area;area_order;case_order;execution_order;suite_type;scenario;scenario_turn;block;variant_index;variant_type;variant_source;previously_executed;prior_validated;prior_result;source_case_id;source_mapping;question;evaluation_profile;expected_scope;expected_animal;input_data;expected_behavior;expected_fields;fallback;guardrail;support_current;manual_current_response;manual_comment;probe_type
SEL_MUNG_001_V0;SEL_MUNG_001;MUNGITURA;1;1;1;functional;FUNCTIONAL_MUNGITURA;;SEL_MUNG_001;0;canonical;manual_selected;False;False;;MUNG_007;adapted;quante vacche/bufale hanno prodotto poco?;low_milking_yield_list;herd;;lista animali, produzione baseline, produzione attesa, media mandria, media gruppo, animal ID, gruppo, DIM;"L'ultima sessione di mungitura ha registrato ""#n animali"" con una bassa produzione. Ecco i peggiori: ";Animale | DIM | Gruppo | Ultima mungitura | Latte ultima mungitura | Atteso | Differenza | Intervallo mungitura;Mancano produzione ultima mungitura o baseline attesa.;"Non usare produzione per mungitura isolata come segnale clinico. Non usare priorità alta/media/bassa o score non implementati; ordinare solo per metrica disponibile.";Supportato se dati robot presenti;"Dati: 27 agosto 2026 – 40 vacche hanno registrato una produzione inferiore al ‑20 % della curva attesa.

Spiegazione: il conteggio (cnt = 40) proviene dal report del giorno più recente (max_date = 2026‑08‑27). L’allevamento non include bufale, quindi il totale riguarda solo vacche.

Azioni consigliate: verifica rapidamente le prime 10 vacche con più scostamento, controlla conducibilità e SCS, preleva campioni di latte e avvia eventuali cure preventive.

Se vuoi approfondisco singole vacche.";;canonical
SEL_MUNG_002_V0;SEL_MUNG_002;MUNGITURA;1;2;2;functional;FUNCTIONAL_MUNGITURA;;SEL_MUNG_002;0;canonical;manual_selected;False;False;;MUNG_003;adapted;quali vacche/bufale hanno saltato la mungitura?;missed_or_reduced_milkings;herd;;ID, DIM, media milk sessions gruppo, numero sessioni di mungitura;Gli animali con un numero minore di sessioni registrate sono i seguenti:  . (se robot: controlla il loro stato di salute o il funzionamento del robot);Animale | DIM | Parità | Gruppo | Mungiture 24h | Baseline mungiture | Differenza | Ultima mungitura | Note;Manca baseline individuale delle mungiture o conteggio ultime 24h.;"Non diagnosticare zoppia o malattia solo da riduzione mungiture. Non usare priorità alta/media/bassa o score non implementati; ordinare solo per metrica disponibile.";Supportato se dati robot presenti;"Nessuna vacca ha registrato milking_visits_count = 0 negli ultimi 7 giorni (la query ha restituito 0 righe). Nella stalla non sono presenti bufale, quindi il conteggio è 0 vacche e 0 bufale.

Se vuoi approfondire un periodo più lungo o verificare eventuali decrementi nelle sessioni di mungitura, fammi sapere.";;canonical
SEL_MUNG_003_V0;SEL_MUNG_003;MUNGITURA;1;3;3;functional;FUNCTIONAL_MUNGITURA;;SEL_MUNG_003;0;canonical;manual_selected;False;False;;MUNG_001;exact;quali animali sono in ritardo?;milking_delay_list;herd;;ID, gruppo,  DIM,  ultima sessione registrata, ultima produzione, numero di sessioni nelle ultime 24h;Gli animali con maggiore ritardo tra le mungiture sono i seguenti:;Animale | DIM | Parità | Gruppo | Ultima mungitura | Ore da ultima mungitura | Soglia attesa | Produzione media 7g | Note dati;Manca ultima mungitura, stato attivo/in lattazione o soglia/intervallo atteso.;"Non associare ritardo a malattia senza altri segnali. Non usare priorità alta/media/bassa o score non implementati; ordinare solo per metrica disponibile.";Supportato se dati robot presenti;;;canonical
SEL_MUNG_004_V0;SEL_MUNG_004;MUNGITURA;1;4;4;functional;FUNCTIONAL_MUNGITURA;;SEL_MUNG_004;0;canonical;manual_selected;False;False;;MUNG_003;exact;quali vacche/bufale hanno meno mungiture?;low_milking_count;herd;;ID, gruppo, DIM, numero sessioni ultime 24h, media baseline mungiture;"Ho trovato {n_animali} animali con meno mungiture rispetto al loro andamento recente.
{tabella}
Verifica accesso a robot/sala, locomozione, comportamento e rifiuti robot.";Animale | DIM | Parità | Gruppo | Mungiture 24h | Baseline mungiture | Differenza | Ultima mungitura | Note;Manca baseline individuale delle mungiture o conteggio ultime 24h.;"Non diagnosticare zoppia o malattia solo da riduzione mungiture. Non usare priorità alta/media/bassa o score non implementati; ordinare solo per metrica disponibile.";Supportato se dati robot presenti;;;canonical
SEL_MUNG_005_V0;SEL_MUNG_005;MUNGITURA;1;5;5;functional;FUNCTIONAL_MUNGITURA;;SEL_MUNG_005;0;canonical;manual_selected;False;False;;MUNG_002;exact;chi non è stata munta oggi?;not_milked_today;herd;;ID, gruppo, DIM, visite robot ultime 24h, nr sessioni mungitura valide, n mungiture baseline;Ecco gli animali che non hanno registrato una mungitura completa:;Animale | DIM | Parità | Gruppo | Ultima mungitura | Ore trascorse | Mungiture oggi | Visite robot oggi;Manca il conteggio mungiture giornaliero o il timestamp dei dati robot.;"Usare 'non risulta registrata' se c'è rischio dato non aggiornato. Non usare priorità alta/media/bassa o score non implementati; ordinare solo per metrica disponibile.";Supportato se dati robot presenti;;;canonical
SEL_MUNG_006_V0;SEL_MUNG_006;MUNGITURA;1;6;6;functional;FUNCTIONAL_MUNGITURA;;SEL_MUNG_006;0;canonical;manual_selected;False;False;;MUNG_010;exact;chi ha la conducibilità alta?;conductivity_list;herd;;ID, nr lattazione, DIM, gruppo, ultima conducibilità, media conducibilità gruppo, incremento conducibilità baseline;ecco gli animali con elevati valori di conducibilità:;Animale | DIM | Gruppo | Ultima mungitura | Conducibilità | Baseline/flag | Latte ultima | SCC score | Delta latte;Manca conducibilità aggiornata o baseline/flag aziendale.;"Non formulare diagnosi certa e non prescrivere terapie; usare 'segnale compatibile/da verificare'. Non usare priorità alta/media/bassa o score non implementati; ordinare solo per metrica disponibile.";Supportato se dati robot presenti;;;canonical
SEL_MUNG_007_V0;SEL_MUNG_007;MUNGITURA;1;7;7;functional;FUNCTIONAL_MUNGITURA;;SEL_MUNG_007;0;canonical;manual_selected;False;False;;MUNG_012;adapted;quali primipare vanno poco al robot;primiparous_low_robot;herd;;ID, DIM, gruppo, nr visite ultime 24h, tempo dall'ultima visita, tempo di intervallo atteso;Ecco la lista completa delle primipare con poche visite volontarie:;Animale | DIM | Parità | Gruppo | Mungiture 24h | Visite robot | Ultima mungitura | Latte 24h;Manca DIM o dati robot.;Non parlare di chetosi/patologia senza segnali metabolici/produttivi aggiuntivi.;Supportato se dati robot presenti;;;canonical
SEL_MUNG_008_V0;SEL_MUNG_008;MUNGITURA;1;8;8;functional;FUNCTIONAL_MUNGITURA;;SEL_MUNG_008;0;canonical;manual_selected;False;False;;PROD_001;exact_cross_area;chi ha calato il latte oggi?;production_drop_list;herd;;ID, gruppo, lattazione, DIM, baseline individuale (media n giorni), ultima produzione produzione, delta produzione;Gli animali con il maggiore calo individuale sono i seguenti:;Animale | DIM | Parità | Gruppo | Latte attuale | Baseline/media | Delta kg | Delta % | Segnali associati;Manca produzione aggiornata o baseline/media recente.;Non indicare causa certa del calo se non ci sono segnali concordanti.;Supportato se produzione e baseline presenti;;;canonical
SEL_MUNG_009_V0;SEL_MUNG_009;MUNGITURA;1;9;9;functional;FUNCTIONAL_MUNGITURA;;SEL_MUNG_009;0;canonical;manual_selected;False;False;;PROD_002;exact_cross_area;quali sono le vacche/bufale con un calo superiore a 5 kg?;production_drop_threshold;herd;;ID, gruppo, lattazione, DIM, baseline individuale (media n giorni), ultima produzione produzione;"Animali con calo superiore a {X} kg:
{tabella}
La tabella è ordinata per scostamento produttivo, non per priorità.";Animale | DIM | Gruppo | Latte attuale | Baseline | Calo kg | Calo % | Note;Manca produzione, baseline o soglia interpretabile.;"Non usare priorità alta/media/bassa o score non implementati; ordinare solo per metrica disponibile.";Supportato se produzione e baseline presenti;;;canonical
SEL_MUNG_001_V1;SEL_MUNG_001;MUNGITURA;1;1;10;functional;FUNCTIONAL_MUNGITURA;;SEL_MUNG_001;1;paraphrase;manual_alt;False;False;;MUNG_007;adapted;mi dai la lista di vacche che hanno prodotto poco?;low_milking_yield_list;herd;;lista animali, produzione baseline, produzione attesa, media mandria, media gruppo, animal ID, gruppo, DIM;"L'ultima sessione di mungitura ha registrato ""#n animali"" con una bassa produzione. Ecco i peggiori: ";Animale | DIM | Gruppo | Ultima mungitura | Latte ultima mungitura | Atteso | Differenza | Intervallo mungitura;Mancano produzione ultima mungitura o baseline attesa.;"Non usare produzione per mungitura isolata come segnale clinico. Non usare priorità alta/media/bassa o score non implementati; ordinare solo per metrica disponibile.";Supportato se dati robot presenti;"Dati: 27 agosto 2026 – 40 vacche hanno registrato una produzione inferiore al ‑20 % della curva attesa.

Spiegazione: il conteggio (cnt = 40) proviene dal report del giorno più recente (max_date = 2026‑08‑27). L’allevamento non include bufale, quindi il totale riguarda solo vacche.

Azioni consigliate: verifica rapidamente le prime 10 vacche con più scostamento, controlla conducibilità e SCS, preleva campioni di latte e avvia eventuali cure preventive.

Se vuoi approfondisco singole vacche.";;paraphrase_probe
SEL_MUNG_002_V1;SEL_MUNG_002;MUNGITURA;1;2;11;functional;FUNCTIONAL_MUNGITURA;;SEL_MUNG_002;1;paraphrase;package_variant;False;False;;MUNG_003;adapted;chi ha ridotto le mungiture?;missed_or_reduced_milkings;herd;;ID, DIM, media milk sessions gruppo, numero sessioni di mungitura;Gli animali con un numero minore di sessioni registrate sono i seguenti:  . (se robot: controlla il loro stato di salute o il funzionamento del robot);Animale | DIM | Parità | Gruppo | Mungiture 24h | Baseline mungiture | Differenza | Ultima mungitura | Note;Manca baseline individuale delle mungiture o conteggio ultime 24h.;"Non diagnosticare zoppia o malattia solo da riduzione mungiture. Non usare priorità alta/media/bassa o score non implementati; ordinare solo per metrica disponibile.";Supportato se dati robot presenti;"Nessuna vacca ha registrato milking_visits_count = 0 negli ultimi 7 giorni (la query ha restituito 0 righe). Nella stalla non sono presenti bufale, quindi il conteggio è 0 vacche e 0 bufale.

Se vuoi approfondire un periodo più lungo o verificare eventuali decrementi nelle sessioni di mungitura, fammi sapere.";;paraphrase_probe
SEL_MUNG_003_V1;SEL_MUNG_003;MUNGITURA;1;3;12;functional;FUNCTIONAL_MUNGITURA;;SEL_MUNG_003;1;paraphrase;package_variant;False;False;;MUNG_001;exact;Chi è in ritardo?;milking_delay_list;herd;;ID, gruppo,  DIM,  ultima sessione registrata, ultima produzione, numero di sessioni nelle ultime 24h;Gli animali con maggiore ritardo tra le mungiture sono i seguenti:;Animale | DIM | Parità | Gruppo | Ultima mungitura | Ore da ultima mungitura | Soglia attesa | Produzione media 7g | Note dati;Manca ultima mungitura, stato attivo/in lattazione o soglia/intervallo atteso.;"Non associare ritardo a malattia senza altri segnali. Non usare priorità alta/media/bassa o score non implementati; ordinare solo per metrica disponibile.";Supportato se dati robot presenti;;;paraphrase_probe
SEL_MUNG_004_V1;SEL_MUNG_004;MUNGITURA;1;4;13;functional;FUNCTIONAL_MUNGITURA;;SEL_MUNG_004;1;paraphrase;package_variant;False;False;;MUNG_003;exact;chi ha ridotto le mungiture?;low_milking_count;herd;;ID, gruppo, DIM, numero sessioni ultime 24h, media baseline mungiture;"Ho trovato {n_animali} animali con meno mungiture rispetto al loro andamento recente.
{tabella}
Verifica accesso a robot/sala, locomozione, comportamento e rifiuti robot.";Animale | DIM | Parità | Gruppo | Mungiture 24h | Baseline mungiture | Differenza | Ultima mungitura | Note;Manca baseline individuale delle mungiture o conteggio ultime 24h.;"Non diagnosticare zoppia o malattia solo da riduzione mungiture. Non usare priorità alta/media/bassa o score non implementati; ordinare solo per metrica disponibile.";Supportato se dati robot presenti;;;paraphrase_probe
SEL_MUNG_005_V1;SEL_MUNG_005;MUNGITURA;1;5;14;functional;FUNCTIONAL_MUNGITURA;;SEL_MUNG_005;1;paraphrase;package_variant;False;False;;MUNG_002;exact;Chi non ha mungiture oggi?;not_milked_today;herd;;ID, gruppo, DIM, visite robot ultime 24h, nr sessioni mungitura valide, n mungiture baseline;Ecco gli animali che non hanno registrato una mungitura completa:;Animale | DIM | Parità | Gruppo | Ultima mungitura | Ore trascorse | Mungiture oggi | Visite robot oggi;Manca il conteggio mungiture giornaliero o il timestamp dei dati robot.;"Usare 'non risulta registrata' se c'è rischio dato non aggiornato. Non usare priorità alta/media/bassa o score non implementati; ordinare solo per metrica disponibile.";Supportato se dati robot presenti;;;paraphrase_probe
SEL_MUNG_006_V1;SEL_MUNG_006;MUNGITURA;1;6;15;functional;FUNCTIONAL_MUNGITURA;;SEL_MUNG_006;1;paraphrase;package_variant;False;False;;MUNG_010;exact;quali hanno conducibilità alta ora?;conductivity_list;herd;;ID, nr lattazione, DIM, gruppo, ultima conducibilità, media conducibilità gruppo, incremento conducibilità baseline;ecco gli animali con elevati valori di conducibilità:;Animale | DIM | Gruppo | Ultima mungitura | Conducibilità | Baseline/flag | Latte ultima | SCC score | Delta latte;Manca conducibilità aggiornata o baseline/flag aziendale.;"Non formulare diagnosi certa e non prescrivere terapie; usare 'segnale compatibile/da verificare'. Non usare priorità alta/media/bassa o score non implementati; ordinare solo per metrica disponibile.";Supportato se dati robot presenti;;;paraphrase_probe
SEL_MUNG_007_V1;SEL_MUNG_007;MUNGITURA;1;7;16;functional;FUNCTIONAL_MUNGITURA;;SEL_MUNG_007;1;paraphrase;custom_variant;False;False;;MUNG_012;adapted;quali primipare fanno poche visite al robot?;primiparous_low_robot;herd;;ID, DIM, gruppo, nr visite ultime 24h, tempo dall'ultima visita, tempo di intervallo atteso;Ecco la lista completa delle primipare con poche visite volontarie:;Animale | DIM | Parità | Gruppo | Mungiture 24h | Visite robot | Ultima mungitura | Latte 24h;Manca DIM o dati robot.;Non parlare di chetosi/patologia senza segnali metabolici/produttivi aggiuntivi.;Supportato se dati robot presenti;;;paraphrase_probe
SEL_MUNG_008_V1;SEL_MUNG_008;MUNGITURA;1;8;17;functional;FUNCTIONAL_MUNGITURA;;SEL_MUNG_008;1;paraphrase;package_variant;False;False;;PROD_001;exact_cross_area;quali vacche sono calate?;production_drop_list;herd;;ID, gruppo, lattazione, DIM, baseline individuale (media n giorni), ultima produzione produzione, delta produzione;Gli animali con il maggiore calo individuale sono i seguenti:;Animale | DIM | Parità | Gruppo | Latte attuale | Baseline/media | Delta kg | Delta % | Segnali associati;Manca produzione aggiornata o baseline/media recente.;Non indicare causa certa del calo se non ci sono segnali concordanti.;Supportato se produzione e baseline presenti;;;paraphrase_probe
SEL_MUNG_009_V1;SEL_MUNG_009;MUNGITURA;1;9;18;functional;FUNCTIONAL_MUNGITURA;;SEL_MUNG_009;1;paraphrase;package_variant;False;False;;PROD_002;exact_cross_area;chi ha perso più di 5 kg?;production_drop_threshold;herd;;ID, gruppo, lattazione, DIM, baseline individuale (media n giorni), ultima produzione produzione;"Animali con calo superiore a {X} kg:
{tabella}
La tabella è ordinata per scostamento produttivo, non per priorità.";Animale | DIM | Gruppo | Latte attuale | Baseline | Calo kg | Calo % | Note;Manca produzione, baseline o soglia interpretabile.;"Non usare priorità alta/media/bassa o score non implementati; ordinare solo per metrica disponibile.";Supportato se produzione e baseline presenti;;;paraphrase_probe
SEL_MUNG_001_V2;SEL_MUNG_001;MUNGITURA;1;1;19;functional;FUNCTIONAL_MUNGITURA;;SEL_MUNG_001;2;paraphrase;package_variant;False;False;;MUNG_007;adapted;quali ultime mungiture sono basse?;low_milking_yield_list;herd;;lista animali, produzione baseline, produzione attesa, media mandria, media gruppo, animal ID, gruppo, DIM;"L'ultima sessione di mungitura ha registrato ""#n animali"" con una bassa produzione. Ecco i peggiori: ";Animale | DIM | Gruppo | Ultima mungitura | Latte ultima mungitura | Atteso | Differenza | Intervallo mungitura;Mancano produzione ultima mungitura o baseline attesa.;"Non usare produzione per mungitura isolata come segnale clinico. Non usare priorità alta/media/bassa o score non implementati; ordinare solo per metrica disponibile.";Supportato se dati robot presenti;"Dati: 27 agosto 2026 – 40 vacche hanno registrato una produzione inferiore al ‑20 % della curva attesa.

Spiegazione: il conteggio (cnt = 40) proviene dal report del giorno più recente (max_date = 2026‑08‑27). L’allevamento non include bufale, quindi il totale riguarda solo vacche.

Azioni consigliate: verifica rapidamente le prime 10 vacche con più scostamento, controlla conducibilità e SCS, preleva campioni di latte e avvia eventuali cure preventive.

Se vuoi approfondisco singole vacche.";;paraphrase_probe
SEL_MUNG_002_V2;SEL_MUNG_002;MUNGITURA;1;2;20;functional;FUNCTIONAL_MUNGITURA;;SEL_MUNG_002;2;paraphrase;package_variant;False;False;;MUNG_003;adapted;animali con meno passaggi al robot;missed_or_reduced_milkings;herd;;ID, DIM, media milk sessions gruppo, numero sessioni di mungitura;Gli animali con un numero minore di sessioni registrate sono i seguenti:  . (se robot: controlla il loro stato di salute o il funzionamento del robot);Animale | DIM | Parità | Gruppo | Mungiture 24h | Baseline mungiture | Differenza | Ultima mungitura | Note;Manca baseline individuale delle mungiture o conteggio ultime 24h.;"Non diagnosticare zoppia o malattia solo da riduzione mungiture. Non usare priorità alta/media/bassa o score non implementati; ordinare solo per metrica disponibile.";Supportato se dati robot presenti;"Nessuna vacca ha registrato milking_visits_count = 0 negli ultimi 7 giorni (la query ha restituito 0 righe). Nella stalla non sono presenti bufale, quindi il conteggio è 0 vacche e 0 bufale.

Se vuoi approfondire un periodo più lungo o verificare eventuali decrementi nelle sessioni di mungitura, fammi sapere.";;paraphrase_probe
SEL_MUNG_003_V2;SEL_MUNG_003;MUNGITURA;1;3;21;functional;FUNCTIONAL_MUNGITURA;;SEL_MUNG_003;2;paraphrase;package_variant;False;False;;MUNG_001;exact;fammi vedere chi non è passato al robot;milking_delay_list;herd;;ID, gruppo,  DIM,  ultima sessione registrata, ultima produzione, numero di sessioni nelle ultime 24h;Gli animali con maggiore ritardo tra le mungiture sono i seguenti:;Animale | DIM | Parità | Gruppo | Ultima mungitura | Ore da ultima mungitura | Soglia attesa | Produzione media 7g | Note dati;Manca ultima mungitura, stato attivo/in lattazione o soglia/intervallo atteso.;"Non associare ritardo a malattia senza altri segnali. Non usare priorità alta/media/bassa o score non implementati; ordinare solo per metrica disponibile.";Supportato se dati robot presenti;;;paraphrase_probe
SEL_MUNG_004_V2;SEL_MUNG_004;MUNGITURA;1;4;22;functional;FUNCTIONAL_MUNGITURA;;SEL_MUNG_004;2;paraphrase;package_variant;False;False;;MUNG_003;exact;animali con meno passaggi al robot;low_milking_count;herd;;ID, gruppo, DIM, numero sessioni ultime 24h, media baseline mungiture;"Ho trovato {n_animali} animali con meno mungiture rispetto al loro andamento recente.
{tabella}
Verifica accesso a robot/sala, locomozione, comportamento e rifiuti robot.";Animale | DIM | Parità | Gruppo | Mungiture 24h | Baseline mungiture | Differenza | Ultima mungitura | Note;Manca baseline individuale delle mungiture o conteggio ultime 24h.;"Non diagnosticare zoppia o malattia solo da riduzione mungiture. Non usare priorità alta/media/bassa o score non implementati; ordinare solo per metrica disponibile.";Supportato se dati robot presenti;;;paraphrase_probe
SEL_MUNG_005_V2;SEL_MUNG_005;MUNGITURA;1;5;23;functional;FUNCTIONAL_MUNGITURA;;SEL_MUNG_005;2;paraphrase;package_variant;False;False;;MUNG_002;exact;chi non è passato oggi?;not_milked_today;herd;;ID, gruppo, DIM, visite robot ultime 24h, nr sessioni mungitura valide, n mungiture baseline;Ecco gli animali che non hanno registrato una mungitura completa:;Animale | DIM | Parità | Gruppo | Ultima mungitura | Ore trascorse | Mungiture oggi | Visite robot oggi;Manca il conteggio mungiture giornaliero o il timestamp dei dati robot.;"Usare 'non risulta registrata' se c'è rischio dato non aggiornato. Non usare priorità alta/media/bassa o score non implementati; ordinare solo per metrica disponibile.";Supportato se dati robot presenti;;;paraphrase_probe
SEL_MUNG_007_V2;SEL_MUNG_007;MUNGITURA;1;7;24;functional;FUNCTIONAL_MUNGITURA;;SEL_MUNG_007;2;paraphrase;custom_variant;False;False;;MUNG_012;adapted;quali vacche in prima lattazione vanno poco al robot?;primiparous_low_robot;herd;;ID, DIM, gruppo, nr visite ultime 24h, tempo dall'ultima visita, tempo di intervallo atteso;Ecco la lista completa delle primipare con poche visite volontarie:;Animale | DIM | Parità | Gruppo | Mungiture 24h | Visite robot | Ultima mungitura | Latte 24h;Manca DIM o dati robot.;Non parlare di chetosi/patologia senza segnali metabolici/produttivi aggiuntivi.;Supportato se dati robot presenti;;;paraphrase_probe
SEL_MUNG_008_V2;SEL_MUNG_008;MUNGITURA;1;8;25;functional;FUNCTIONAL_MUNGITURA;;SEL_MUNG_008;2;paraphrase;package_variant;False;False;;PROD_001;exact_cross_area;lista cali produzione;production_drop_list;herd;;ID, gruppo, lattazione, DIM, baseline individuale (media n giorni), ultima produzione produzione, delta produzione;Gli animali con il maggiore calo individuale sono i seguenti:;Animale | DIM | Parità | Gruppo | Latte attuale | Baseline/media | Delta kg | Delta % | Segnali associati;Manca produzione aggiornata o baseline/media recente.;Non indicare causa certa del calo se non ci sono segnali concordanti.;Supportato se produzione e baseline presenti;;;paraphrase_probe
SEL_MUNG_009_V2;SEL_MUNG_009;MUNGITURA;1;9;26;functional;FUNCTIONAL_MUNGITURA;;SEL_MUNG_009;2;paraphrase;package_variant;False;False;;PROD_002;exact_cross_area;cali oltre 5 kg;production_drop_threshold;herd;;ID, gruppo, lattazione, DIM, baseline individuale (media n giorni), ultima produzione produzione;"Animali con calo superiore a {X} kg:
{tabella}
La tabella è ordinata per scostamento produttivo, non per priorità.";Animale | DIM | Gruppo | Latte attuale | Baseline | Calo kg | Calo % | Note;Manca produzione, baseline o soglia interpretabile.;"Non usare priorità alta/media/bassa o score non implementati; ordinare solo per metrica disponibile.";Supportato se produzione e baseline presenti;;;paraphrase_probe
SEL_MUNG_001_V3;SEL_MUNG_001;MUNGITURA;1;1;27;functional;FUNCTIONAL_MUNGITURA;;SEL_MUNG_001;3;paraphrase;package_variant;False;False;;MUNG_007;adapted;chi ha dato poco latte ora?;low_milking_yield_list;herd;;lista animali, produzione baseline, produzione attesa, media mandria, media gruppo, animal ID, gruppo, DIM;"L'ultima sessione di mungitura ha registrato ""#n animali"" con una bassa produzione. Ecco i peggiori: ";Animale | DIM | Gruppo | Ultima mungitura | Latte ultima mungitura | Atteso | Differenza | Intervallo mungitura;Mancano produzione ultima mungitura o baseline attesa.;"Non usare produzione per mungitura isolata come segnale clinico. Non usare priorità alta/media/bassa o score non implementati; ordinare solo per metrica disponibile.";Supportato se dati robot presenti;"Dati: 27 agosto 2026 – 40 vacche hanno registrato una produzione inferiore al ‑20 % della curva attesa.

Spiegazione: il conteggio (cnt = 40) proviene dal report del giorno più recente (max_date = 2026‑08‑27). L’allevamento non include bufale, quindi il totale riguarda solo vacche.

Azioni consigliate: verifica rapidamente le prime 10 vacche con più scostamento, controlla conducibilità e SCS, preleva campioni di latte e avvia eventuali cure preventive.

Se vuoi approfondisco singole vacche.";;paraphrase_probe
SEL_MUNG_003_V3;SEL_MUNG_003;MUNGITURA;1;3;28;functional;FUNCTIONAL_MUNGITURA;;SEL_MUNG_003;3;paraphrase;package_variant;False;False;;MUNG_001;exact;quali bufale sono indietro con la mungitura?;milking_delay_list;herd;;ID, gruppo,  DIM,  ultima sessione registrata, ultima produzione, numero di sessioni nelle ultime 24h;Gli animali con maggiore ritardo tra le mungiture sono i seguenti:;Animale | DIM | Parità | Gruppo | Ultima mungitura | Ore da ultima mungitura | Soglia attesa | Produzione media 7g | Note dati;Manca ultima mungitura, stato attivo/in lattazione o soglia/intervallo atteso.;"Non associare ritardo a malattia senza altri segnali. Non usare priorità alta/media/bassa o score non implementati; ordinare solo per metrica disponibile.";Supportato se dati robot presenti;;;paraphrase_probe
SEL_MUNG_008_V3;SEL_MUNG_008;MUNGITURA;1;8;29;functional;FUNCTIONAL_MUNGITURA;;SEL_MUNG_008;3;paraphrase;package_variant;False;False;;PROD_001;exact_cross_area;chi sta perdendo latte?;production_drop_list;herd;;ID, gruppo, lattazione, DIM, baseline individuale (media n giorni), ultima produzione produzione, delta produzione;Gli animali con il maggiore calo individuale sono i seguenti:;Animale | DIM | Parità | Gruppo | Latte attuale | Baseline/media | Delta kg | Delta % | Segnali associati;Manca produzione aggiornata o baseline/media recente.;Non indicare causa certa del calo se non ci sono segnali concordanti.;Supportato se produzione e baseline presenti;;;paraphrase_probe
SEL_PROD_001_V0;SEL_PROD_001;PRODUZIONE;2;1;30;functional;FUNCTIONAL_PRODUZIONE;;SEL_PROD_001;0;canonical;manual_selected;False;False;;PROD_006;exact;chi produce meno?;low_vs_group;herd;;ID, gruppo,DIM, ultima produzione, media gruppo, delta produzione;"Animali sotto la media del proprio gruppo:
{tabella}
Questo confronto è più utile se il gruppo è omogeneo per DIM/parità.";Animale | DIM | Parità | Gruppo | Latte attuale | Media gruppo | Delta vs gruppo | Delta vs se stessa;Manca gruppo o media gruppo calcolabile.;Non giudicare animale senza considerare DIM/parità quando disponibili.;Supportato se produzione e baseline presenti;;;canonical
SEL_PROD_002_V0;SEL_PROD_002;PRODUZIONE;2;2;31;functional;FUNCTIONAL_PRODUZIONE;;SEL_PROD_002;0;canonical;manual_selected;False;False;;PROD_005;exact;quale gruppo è calato nella produzione?;group_production_drop;group;;gruppo, n animali, produzione gruppo corrente, produzione baseline gruppo utlimi 7 gg, delta produzione gruppo;"Confronto produzione per gruppo:
{tabella}
Se il calo è concentrato nel gruppo, verificare anche fattore ambientale/gestionale/alimentare.";Gruppo | Animali | Latte medio attuale | Baseline gruppo | Delta kg/capo | THI | Note;Mancano gruppi o baseline produttive di gruppo.;Non concludere razione/ambiente senza dati di supporto.;Supportato se produzione e baseline presenti;;;canonical
SEL_PROD_003_V0;SEL_PROD_003;PRODUZIONE;2;3;32;functional;FUNCTIONAL_PRODUZIONE;;SEL_PROD_003;0;canonical;manual_selected;False;False;;PROD_007;exact;perché animale 3118 ha calato?;production_drop_reason;animal;3118;DIM, gruppo, lattazione, delta produzione, allarmi attivi triage/probabilità patologia;"La {animal_id} è sotto il suo andamento recente di {production_delta_kg} kg.
{tabella}
Se conducibilità/SCC sono alterati, verifica latte e mammella; se ruminazione è bassa, controlla appetito/stato generale; se il gruppo cala con THI alto, valuta contesto ambientale.";Animale | Latte attuale | Baseline | Delta kg | Ruminazione | Conducibilità | SCC score | THI | Mungiture | Esito PECUS;Manca produzione/baseline o dati associati.;Non dare causa unica se segnali discordanti o assenti.;Supportato se produzione e baseline presenti;;;canonical
SEL_PROD_004_V0;SEL_PROD_004;PRODUZIONE;2;4;33;functional;FUNCTIONAL_PRODUZIONE;;SEL_PROD_004;0;canonical;manual_selected;False;False;;PROD_008;exact;quanti/quali animali mi costano di più?;economic_loss_list;herd;;ID, gruppo, DIM, produzione baseline, delta ultimi 7 gg, costo totale, produzione baseline  gruppo;"Animali con maggiore perdita economica stimata dai dati disponibili:
{tabella}
Mostra sempre se il prezzo latte è reale o default e il periodo della stima.";Animale | DIM | Gruppo | Calo kg/g | Prezzo latte usato | Perdita €/g | Base calcolo | Note;Manca prezzo latte, baseline o perdita calcolabile.;Non mostrare euro se il calcolo non è supportato.;Supportato se produzione e baseline presenti;;;canonical
SEL_PROD_005_V0;SEL_PROD_005;PRODUZIONE;2;5;34;functional;FUNCTIONAL_PRODUZIONE;;SEL_PROD_005;0;canonical;manual_selected;False;False;;PROD_010;exact;chi perde latte da più giorni?;persistent_milk_loss;herd;;ID, gruppo, dIM, produzione baseline, delta ultimi 7 gg, n giorni sotto baseline;"Animali con calo produttivo persistente:
{tabella}
Distinguere se il segnale è individuale o condiviso dal gruppo.";Animale | DIM | Gruppo | Giorni sotto baseline | Calo medio kg | Calo massimo | Segnali associati | Ultimo esito;Manca storico produzione sufficiente.;Non usare 'cronico' senza regola validata e storico clinico.;Supportato se produzione e baseline presenti;;;canonical
SEL_PROD_001_V1;SEL_PROD_001;PRODUZIONE;2;1;35;functional;FUNCTIONAL_PRODUZIONE;;SEL_PROD_001;1;paraphrase;package_variant;False;False;;PROD_006;exact;chi è sotto il gruppo?;low_vs_group;herd;;ID, gruppo,DIM, ultima produzione, media gruppo, delta produzione;"Animali sotto la media del proprio gruppo:
{tabella}
Questo confronto è più utile se il gruppo è omogeneo per DIM/parità.";Animale | DIM | Parità | Gruppo | Latte attuale | Media gruppo | Delta vs gruppo | Delta vs se stessa;Manca gruppo o media gruppo calcolabile.;Non giudicare animale senza considerare DIM/parità quando disponibili.;Supportato se produzione e baseline presenti;;;paraphrase_probe
SEL_PROD_002_V1;SEL_PROD_002;PRODUZIONE;2;2;36;functional;FUNCTIONAL_PRODUZIONE;;SEL_PROD_002;1;paraphrase;package_variant;False;False;;PROD_005;exact;il gruppo fresche sta calando?;group_production_drop;group;;gruppo, n animali, produzione gruppo corrente, produzione baseline gruppo utlimi 7 gg, delta produzione gruppo;"Confronto produzione per gruppo:
{tabella}
Se il calo è concentrato nel gruppo, verificare anche fattore ambientale/gestionale/alimentare.";Gruppo | Animali | Latte medio attuale | Baseline gruppo | Delta kg/capo | THI | Note;Mancano gruppi o baseline produttive di gruppo.;Non concludere razione/ambiente senza dati di supporto.;Supportato se produzione e baseline presenti;;;paraphrase_probe
SEL_PROD_003_V1;SEL_PROD_003;PRODUZIONE;2;3;37;functional;FUNCTIONAL_PRODUZIONE;;SEL_PROD_003;1;paraphrase;package_variant;False;False;;PROD_007;exact;cosa sta succedendo alla 3118?;production_drop_reason;animal;3118;DIM, gruppo, lattazione, delta produzione, allarmi attivi triage/probabilità patologia;"La {animal_id} è sotto il suo andamento recente di {production_delta_kg} kg.
{tabella}
Se conducibilità/SCC sono alterati, verifica latte e mammella; se ruminazione è bassa, controlla appetito/stato generale; se il gruppo cala con THI alto, valuta contesto ambientale.";Animale | Latte attuale | Baseline | Delta kg | Ruminazione | Conducibilità | SCC score | THI | Mungiture | Esito PECUS;Manca produzione/baseline o dati associati.;Non dare causa unica se segnali discordanti o assenti.;Supportato se produzione e baseline presenti;;;paraphrase_probe
SEL_PROD_004_V1;SEL_PROD_004;PRODUZIONE;2;4;38;functional;FUNCTIONAL_PRODUZIONE;;SEL_PROD_004;1;paraphrase;package_variant;False;False;;PROD_008;exact;chi mi sta costando di più in latte?;economic_loss_list;herd;;ID, gruppo, DIM, produzione baseline, delta ultimi 7 gg, costo totale, produzione baseline  gruppo;"Animali con maggiore perdita economica stimata dai dati disponibili:
{tabella}
Mostra sempre se il prezzo latte è reale o default e il periodo della stima.";Animale | DIM | Gruppo | Calo kg/g | Prezzo latte usato | Perdita €/g | Base calcolo | Note;Manca prezzo latte, baseline o perdita calcolabile.;Non mostrare euro se il calcolo non è supportato.;Supportato se produzione e baseline presenti;;;paraphrase_probe
SEL_PROD_005_V1;SEL_PROD_005;PRODUZIONE;2;5;39;functional;FUNCTIONAL_PRODUZIONE;;SEL_PROD_005;1;paraphrase;package_variant;False;False;;PROD_010;exact;animali che continuano a calare;persistent_milk_loss;herd;;ID, gruppo, dIM, produzione baseline, delta ultimi 7 gg, n giorni sotto baseline;"Animali con calo produttivo persistente:
{tabella}
Distinguere se il segnale è individuale o condiviso dal gruppo.";Animale | DIM | Gruppo | Giorni sotto baseline | Calo medio kg | Calo massimo | Segnali associati | Ultimo esito;Manca storico produzione sufficiente.;Non usare 'cronico' senza regola validata e storico clinico.;Supportato se produzione e baseline presenti;;;paraphrase_probe
SEL_PROD_002_V2;SEL_PROD_002;PRODUZIONE;2;2;40;functional;FUNCTIONAL_PRODUZIONE;;SEL_PROD_002;2;paraphrase;package_variant;False;False;;PROD_005;exact;c'è un calo di gruppo?;group_production_drop;group;;gruppo, n animali, produzione gruppo corrente, produzione baseline gruppo utlimi 7 gg, delta produzione gruppo;"Confronto produzione per gruppo:
{tabella}
Se il calo è concentrato nel gruppo, verificare anche fattore ambientale/gestionale/alimentare.";Gruppo | Animali | Latte medio attuale | Baseline gruppo | Delta kg/capo | THI | Note;Mancano gruppi o baseline produttive di gruppo.;Non concludere razione/ambiente senza dati di supporto.;Supportato se produzione e baseline presenti;;;paraphrase_probe
SEL_PROD_003_V2;SEL_PROD_003;PRODUZIONE;2;3;41;functional;FUNCTIONAL_PRODUZIONE;;SEL_PROD_003;2;paraphrase;package_variant;False;False;;PROD_007;exact;perché produce meno?;production_drop_reason;animal;3118;DIM, gruppo, lattazione, delta produzione, allarmi attivi triage/probabilità patologia;"La {animal_id} è sotto il suo andamento recente di {production_delta_kg} kg.
{tabella}
Se conducibilità/SCC sono alterati, verifica latte e mammella; se ruminazione è bassa, controlla appetito/stato generale; se il gruppo cala con THI alto, valuta contesto ambientale.";Animale | Latte attuale | Baseline | Delta kg | Ruminazione | Conducibilità | SCC score | THI | Mungiture | Esito PECUS;Manca produzione/baseline o dati associati.;Non dare causa unica se segnali discordanti o assenti.;Supportato se produzione e baseline presenti;;;paraphrase_probe
SEL_PROD_005_V2;SEL_PROD_005;PRODUZIONE;2;5;42;functional;FUNCTIONAL_PRODUZIONE;;SEL_PROD_005;2;paraphrase;package_variant;False;False;;PROD_010;exact;calo persistente;persistent_milk_loss;herd;;ID, gruppo, dIM, produzione baseline, delta ultimi 7 gg, n giorni sotto baseline;"Animali con calo produttivo persistente:
{tabella}
Distinguere se il segnale è individuale o condiviso dal gruppo.";Animale | DIM | Gruppo | Giorni sotto baseline | Calo medio kg | Calo massimo | Segnali associati | Ultimo esito;Manca storico produzione sufficiente.;Non usare 'cronico' senza regola validata e storico clinico.;Supportato se produzione e baseline presenti;;;paraphrase_probe
SEL_MAST_001_V0;SEL_MAST_001;MASTITE;3;1;43;functional;FUNCTIONAL_MASTITE;;SEL_MAST_001;0;canonical;manual_selected;False;False;;MAMM_001;guardrail_adapted;chi ha la mastite oggi?;mammary_signal_list;herd;;ID, gruppo, dim, lattazione, conducibilità corrente, media conducibilità ultimi 7 gg, conta SCC, delta produzione, probabilità triage;Gli animali che presentano segnali mammari elevati sono i seguenti:;Animale | DIM | Parità | Gruppo | Segnale mammario | Conducibilità | SCC score | Calo latte | Ultimo dato;Mancano dati mammari aggiornati o campi necessari per questa domanda.;"Non formulare diagnosi certa e non prescrivere terapie; usare 'segnale compatibile/da verificare'. Non usare 'mastite certa'; usare 'segnale mammario'. Non usare priorità alta/media/bassa o score non implementati; ordinare solo per metrica disponibile.";Supportato se dati mammari presenti;;;canonical
SEL_MAST_002_V0;SEL_MAST_002;MASTITE;3;2;44;functional;FUNCTIONAL_MASTITE;;SEL_MAST_002;0;canonical;manual_selected;False;False;;MAMM_002;exact;Quali vacche hanno conducibilità elevata?;conductivity_list;herd;;ID, gruppo, DIM , lattazione, ultima conducibilità, baseline conducibilità, delta utlimi 3 giorni;"Animali/dati mammari richiesti:
{tabella}
Interpretazione: usa questi dati come segnale mammario da verificare in stalla; controlla latte, mammella e CMT/campione se previsto dal protocollo.";Animale | DIM | Gruppo | Conducibilità | Baseline/Soglia | Ultima mungitura | SCC score | Calo latte;Mancano dati mammari aggiornati o campi necessari per questa domanda.;"Non formulare diagnosi certa e non prescrivere terapie; usare 'segnale compatibile/da verificare'. Non usare 'mastite certa'; usare 'segnale mammario'. Non usare priorità alta/media/bassa o score non implementati; ordinare solo per metrica disponibile.";Supportato se dati mammari presenti;;;canonical
SEL_MAST_003_V0;SEL_MAST_003;MASTITE;3;3;45;functional;FUNCTIONAL_MASTITE;;SEL_MAST_003;0;canonical;manual_selected;False;False;;MAMM_006;guardrail_adapted;perché l'animale 2516 è segnalata per mastite?;mammary_reason;animal;2516;dim, gruppo, lattazione, conducibilità, SCC, conducibilità quarto maggiore, delta produzione, perdita prevista;"Animali/dati mammari richiesti:
{tabella}
Interpretazione: usa questi dati come segnale mammario da verificare in stalla; controlla latte, mammella e CMT/campione se previsto dal protocollo.";Animale | Segnale | Conducibilità | SCC score | Calo latte | Ultima mungitura | DIM | Gruppo;Mancano dati mammari aggiornati o campi necessari per questa domanda.;"Non formulare diagnosi certa e non prescrivere terapie; usare 'segnale compatibile/da verificare'. Non usare 'mastite certa'; usare 'segnale mammario'. Non usare priorità alta/media/bassa o score non implementati; ordinare solo per metrica disponibile.";Supportato se dati mammari presenti;;;canonical
SEL_MAST_004_V0;SEL_MAST_004;MASTITE;3;4;46;functional;FUNCTIONAL_MASTITE;;SEL_MAST_004;0;canonical;manual_selected;False;False;;MAMM_012;exact;chi è segnata per mastite per più giorni?;persistent_mammary_signal;herd;;ID, gruppo, lattazione, DIM, timestamp prima segnalazione, ;"Animali/dati mammari richiesti:
{tabella}
Interpretazione: usa questi dati come segnale mammario da verificare in stalla; controlla latte, mammella e CMT/campione se previsto dal protocollo.";Animale | DIM | Gruppo | Giorni con segnale | Primo segnale | Ultimo segnale | Esiti registrati | Trend latte;Mancano dati mammari aggiornati o campi necessari per questa domanda.;"Non formulare diagnosi certa e non prescrivere terapie; usare 'segnale compatibile/da verificare'. Non usare 'mastite certa'; usare 'segnale mammario'. Non usare priorità alta/media/bassa o score non implementati; ordinare solo per metrica disponibile.";Parziale: dipende dallo storico;;;canonical
SEL_MAST_001_V1;SEL_MAST_001;MASTITE;3;1;47;functional;FUNCTIONAL_MASTITE;;SEL_MAST_001;1;paraphrase;package_variant;False;False;;MAMM_001;guardrail_adapted;chi controllo per mammella?;mammary_signal_list;herd;;ID, gruppo, dim, lattazione, conducibilità corrente, media conducibilità ultimi 7 gg, conta SCC, delta produzione, probabilità triage;Gli animali che presentano segnali mammari elevati sono i seguenti:;Animale | DIM | Parità | Gruppo | Segnale mammario | Conducibilità | SCC score | Calo latte | Ultimo dato;Mancano dati mammari aggiornati o campi necessari per questa domanda.;"Non formulare diagnosi certa e non prescrivere terapie; usare 'segnale compatibile/da verificare'. Non usare 'mastite certa'; usare 'segnale mammario'. Non usare priorità alta/media/bassa o score non implementati; ordinare solo per metrica disponibile.";Supportato se dati mammari presenti;;;paraphrase_probe
SEL_MAST_002_V1;SEL_MAST_002;MASTITE;3;2;48;functional;FUNCTIONAL_MASTITE;;SEL_MAST_002;1;paraphrase;package_variant;False;False;;MAMM_002;exact;conducibilità elevata;conductivity_list;herd;;ID, gruppo, DIM , lattazione, ultima conducibilità, baseline conducibilità, delta utlimi 3 giorni;"Animali/dati mammari richiesti:
{tabella}
Interpretazione: usa questi dati come segnale mammario da verificare in stalla; controlla latte, mammella e CMT/campione se previsto dal protocollo.";Animale | DIM | Gruppo | Conducibilità | Baseline/Soglia | Ultima mungitura | SCC score | Calo latte;Mancano dati mammari aggiornati o campi necessari per questa domanda.;"Non formulare diagnosi certa e non prescrivere terapie; usare 'segnale compatibile/da verificare'. Non usare 'mastite certa'; usare 'segnale mammario'. Non usare priorità alta/media/bassa o score non implementati; ordinare solo per metrica disponibile.";Supportato se dati mammari presenti;;;paraphrase_probe
SEL_MAST_003_V1;SEL_MAST_003;MASTITE;3;3;49;functional;FUNCTIONAL_MASTITE;;SEL_MAST_003;1;paraphrase;package_variant;False;False;;MAMM_006;guardrail_adapted;perché è sospetta?;mammary_reason;animal;2516;dim, gruppo, lattazione, conducibilità, SCC, conducibilità quarto maggiore, delta produzione, perdita prevista;"Animali/dati mammari richiesti:
{tabella}
Interpretazione: usa questi dati come segnale mammario da verificare in stalla; controlla latte, mammella e CMT/campione se previsto dal protocollo.";Animale | Segnale | Conducibilità | SCC score | Calo latte | Ultima mungitura | DIM | Gruppo;Mancano dati mammari aggiornati o campi necessari per questa domanda.;"Non formulare diagnosi certa e non prescrivere terapie; usare 'segnale compatibile/da verificare'. Non usare 'mastite certa'; usare 'segnale mammario'. Non usare priorità alta/media/bassa o score non implementati; ordinare solo per metrica disponibile.";Supportato se dati mammari presenti;;;paraphrase_probe
SEL_MAST_004_V1;SEL_MAST_004;MASTITE;3;4;50;functional;FUNCTIONAL_MASTITE;;SEL_MAST_004;1;paraphrase;package_variant;False;False;;MAMM_012;exact;sospetti mammari persistenti;persistent_mammary_signal;herd;;ID, gruppo, lattazione, DIM, timestamp prima segnalazione, ;"Animali/dati mammari richiesti:
{tabella}
Interpretazione: usa questi dati come segnale mammario da verificare in stalla; controlla latte, mammella e CMT/campione se previsto dal protocollo.";Animale | DIM | Gruppo | Giorni con segnale | Primo segnale | Ultimo segnale | Esiti registrati | Trend latte;Mancano dati mammari aggiornati o campi necessari per questa domanda.;"Non formulare diagnosi certa e non prescrivere terapie; usare 'segnale compatibile/da verificare'. Non usare 'mastite certa'; usare 'segnale mammario'. Non usare priorità alta/media/bassa o score non implementati; ordinare solo per metrica disponibile.";Parziale: dipende dallo storico;;;paraphrase_probe
SEL_MAST_001_V2;SEL_MAST_001;MASTITE;3;1;51;functional;FUNCTIONAL_MASTITE;;SEL_MAST_001;2;paraphrase;package_variant;False;False;;MAMM_001;guardrail_adapted;lista sospetti mammari;mammary_signal_list;herd;;ID, gruppo, dim, lattazione, conducibilità corrente, media conducibilità ultimi 7 gg, conta SCC, delta produzione, probabilità triage;Gli animali che presentano segnali mammari elevati sono i seguenti:;Animale | DIM | Parità | Gruppo | Segnale mammario | Conducibilità | SCC score | Calo latte | Ultimo dato;Mancano dati mammari aggiornati o campi necessari per questa domanda.;"Non formulare diagnosi certa e non prescrivere terapie; usare 'segnale compatibile/da verificare'. Non usare 'mastite certa'; usare 'segnale mammario'. Non usare priorità alta/media/bassa o score non implementati; ordinare solo per metrica disponibile.";Supportato se dati mammari presenti;;;paraphrase_probe
SEL_MAST_002_V2;SEL_MAST_002;MASTITE;3;2;52;functional;FUNCTIONAL_MASTITE;;SEL_MAST_002;2;paraphrase;package_variant;False;False;;MAMM_002;exact;chi ha conducibilità sopra soglia;conductivity_list;herd;;ID, gruppo, DIM , lattazione, ultima conducibilità, baseline conducibilità, delta utlimi 3 giorni;"Animali/dati mammari richiesti:
{tabella}
Interpretazione: usa questi dati come segnale mammario da verificare in stalla; controlla latte, mammella e CMT/campione se previsto dal protocollo.";Animale | DIM | Gruppo | Conducibilità | Baseline/Soglia | Ultima mungitura | SCC score | Calo latte;Mancano dati mammari aggiornati o campi necessari per questa domanda.;"Non formulare diagnosi certa e non prescrivere terapie; usare 'segnale compatibile/da verificare'. Non usare 'mastite certa'; usare 'segnale mammario'. Non usare priorità alta/media/bassa o score non implementati; ordinare solo per metrica disponibile.";Supportato se dati mammari presenti;;;paraphrase_probe
SEL_MAST_003_V2;SEL_MAST_003;MASTITE;3;3;53;functional;FUNCTIONAL_MASTITE;;SEL_MAST_003;2;paraphrase;package_variant;False;False;;MAMM_006;guardrail_adapted;cosa ha la 2516?;mammary_reason;animal;2516;dim, gruppo, lattazione, conducibilità, SCC, conducibilità quarto maggiore, delta produzione, perdita prevista;"Animali/dati mammari richiesti:
{tabella}
Interpretazione: usa questi dati come segnale mammario da verificare in stalla; controlla latte, mammella e CMT/campione se previsto dal protocollo.";Animale | Segnale | Conducibilità | SCC score | Calo latte | Ultima mungitura | DIM | Gruppo;Mancano dati mammari aggiornati o campi necessari per questa domanda.;"Non formulare diagnosi certa e non prescrivere terapie; usare 'segnale compatibile/da verificare'. Non usare 'mastite certa'; usare 'segnale mammario'. Non usare priorità alta/media/bassa o score non implementati; ordinare solo per metrica disponibile.";Supportato se dati mammari presenti;;;paraphrase_probe
SEL_MAST_004_V2;SEL_MAST_004;MASTITE;3;4;54;functional;FUNCTIONAL_MASTITE;;SEL_MAST_004;2;paraphrase;package_variant;False;False;;MAMM_012;exact;chi non si risolve?;persistent_mammary_signal;herd;;ID, gruppo, lattazione, DIM, timestamp prima segnalazione, ;"Animali/dati mammari richiesti:
{tabella}
Interpretazione: usa questi dati come segnale mammario da verificare in stalla; controlla latte, mammella e CMT/campione se previsto dal protocollo.";Animale | DIM | Gruppo | Giorni con segnale | Primo segnale | Ultimo segnale | Esiti registrati | Trend latte;Mancano dati mammari aggiornati o campi necessari per questa domanda.;"Non formulare diagnosi certa e non prescrivere terapie; usare 'segnale compatibile/da verificare'. Non usare 'mastite certa'; usare 'segnale mammario'. Non usare priorità alta/media/bassa o score non implementati; ordinare solo per metrica disponibile.";Parziale: dipende dallo storico;;;paraphrase_probe
SEL_MET_001_V0;SEL_MET_001;METABOLICO;4;1;55;functional;FUNCTIONAL_METABOLICO;;SEL_MET_001;0;canonical;manual_selected;False;False;;MET_002;guardrail_adapted;Chi ha chetosi?;possible_ketosis_list;herd;;id, gruppo, DIM, lattazione, delta produzione, delta ruminazione, produzione attesa;"Animali/dati metabolici richiesti:
{tabella}
Interpretazione: descrivere come segnale metabolico compatibile da verificare, usando appetito, riempimento ruminale, BHB se disponibile e protocollo aziendale/professionale.";Animale | DIM | Gruppo | Segnale compatibile | Calo latte | Ruminazione | F:P | BHB registrato;Mancano produzione, ruminazione, DIM, componenti latte o segnale metabolico necessari per questa domanda.;"Non formulare diagnosi certa e non prescrivere terapie; usare 'segnale compatibile/da verificare'. Non dire 'chetosi certa' e non suggerire somministrazioni. Non usare priorità alta/media/bassa o score non implementati; ordinare solo per metrica disponibile.";Supportato se segnali metabolici presenti;;;canonical
SEL_MET_002_V0;SEL_MET_002;METABOLICO;4;2;56;functional;FUNCTIONAL_METABOLICO;;SEL_MET_002;0;canonical;manual_selected;False;False;;PROD_014;exact_cross_area;quali animali hanno calo latte e ruminazione?;milk_rumination_drop;herd;;ID, gruppo, DIM, delta produzione, delta ruminazione;"Animali con calo produttivo e ruminazione ridotta:
{tabella}
Controlla appetito, riempimento ruminale e comportamento; BHB se previsto da protocollo.";Animale | DIM | Gruppo | Calo kg | Ruminazione attuale | Delta ruminazione | THI | Note;Mancano ruminazione o baseline ruminazione.;"Non formulare diagnosi certa e non prescrivere terapie; usare 'segnale compatibile/da verificare'.";Supportato se produzione e baseline presenti;;;canonical
SEL_MET_003_V0;SEL_MET_003;METABOLICO;4;3;57;functional;FUNCTIONAL_METABOLICO;;SEL_MET_003;0;canonical;manual_selected;False;False;;MET_005;exact;l'animale 3118 rumina bene?;rumination_animal;animal;3118;lattazione, DIM, ruminazione, baseline ruminazione, delta ruminazione;"Animali/dati metabolici richiesti:
{tabella}
Interpretazione: descrivere come segnale metabolico compatibile da verificare, usando appetito, riempimento ruminale, BHB se disponibile e protocollo aziendale/professionale.";Dato | Valore | Baseline | Scostamento | Note;Mancano produzione, ruminazione, DIM, componenti latte o segnale metabolico necessari per questa domanda.;"Non formulare diagnosi certa e non prescrivere terapie; usare 'segnale compatibile/da verificare'. Non dire 'chetosi certa' e non suggerire somministrazioni. Non usare priorità alta/media/bassa o score non implementati; ordinare solo per metrica disponibile.";Supportato se segnali metabolici presenti;;;canonical
SEL_MET_004_V0;SEL_MET_004;METABOLICO;4;4;58;functional;FUNCTIONAL_METABOLICO;;SEL_MET_004;0;canonical;manual_selected;False;False;;CUSTOM_SELECTED;custom_selected;chi ha grasso elevato nel latte?;high_milk_fat;herd;;ID, gruppo, lattazione, DIM, fat_pct, ultima produzione, n sessioni mungitura;;;;"Non formulare diagnosi certa; non prescrivere terapia; non usare priorità non implementata.";Selezionato manualmente come attualmente supportato;;;canonical
SEL_MET_001_V1;SEL_MET_001;METABOLICO;4;1;59;functional;FUNCTIONAL_METABOLICO;;SEL_MET_001;1;paraphrase;package_variant;False;False;;MET_002;guardrail_adapted;chi è a rischio chetosi?;possible_ketosis_list;herd;;id, gruppo, DIM, lattazione, delta produzione, delta ruminazione, produzione attesa;"Animali/dati metabolici richiesti:
{tabella}
Interpretazione: descrivere come segnale metabolico compatibile da verificare, usando appetito, riempimento ruminale, BHB se disponibile e protocollo aziendale/professionale.";Animale | DIM | Gruppo | Segnale compatibile | Calo latte | Ruminazione | F:P | BHB registrato;Mancano produzione, ruminazione, DIM, componenti latte o segnale metabolico necessari per questa domanda.;"Non formulare diagnosi certa e non prescrivere terapie; usare 'segnale compatibile/da verificare'. Non dire 'chetosi certa' e non suggerire somministrazioni. Non usare priorità alta/media/bassa o score non implementati; ordinare solo per metrica disponibile.";Supportato se segnali metabolici presenti;;;paraphrase_probe
SEL_MET_002_V1;SEL_MET_002;METABOLICO;4;2;60;functional;FUNCTIONAL_METABOLICO;;SEL_MET_002;1;paraphrase;package_variant;False;False;;PROD_014;exact_cross_area;calo latte con ruminazione bassa;milk_rumination_drop;herd;;ID, gruppo, DIM, delta produzione, delta ruminazione;"Animali con calo produttivo e ruminazione ridotta:
{tabella}
Controlla appetito, riempimento ruminale e comportamento; BHB se previsto da protocollo.";Animale | DIM | Gruppo | Calo kg | Ruminazione attuale | Delta ruminazione | THI | Note;Mancano ruminazione o baseline ruminazione.;"Non formulare diagnosi certa e non prescrivere terapie; usare 'segnale compatibile/da verificare'.";Supportato se produzione e baseline presenti;;;paraphrase_probe
SEL_MET_003_V1;SEL_MET_003;METABOLICO;4;3;61;functional;FUNCTIONAL_METABOLICO;;SEL_MET_003;1;paraphrase;package_variant;False;False;;MET_005;exact;ruminazione della 3118;rumination_animal;animal;3118;lattazione, DIM, ruminazione, baseline ruminazione, delta ruminazione;"Animali/dati metabolici richiesti:
{tabella}
Interpretazione: descrivere come segnale metabolico compatibile da verificare, usando appetito, riempimento ruminale, BHB se disponibile e protocollo aziendale/professionale.";Dato | Valore | Baseline | Scostamento | Note;Mancano produzione, ruminazione, DIM, componenti latte o segnale metabolico necessari per questa domanda.;"Non formulare diagnosi certa e non prescrivere terapie; usare 'segnale compatibile/da verificare'. Non dire 'chetosi certa' e non suggerire somministrazioni. Non usare priorità alta/media/bassa o score non implementati; ordinare solo per metrica disponibile.";Supportato se segnali metabolici presenti;;;paraphrase_probe
SEL_MET_004_V1;SEL_MET_004;METABOLICO;4;4;62;functional;FUNCTIONAL_METABOLICO;;SEL_MET_004;1;paraphrase;custom_variant;False;False;;CUSTOM_SELECTED;custom_selected;quali animali hanno il grasso del latte alto?;high_milk_fat;herd;;ID, gruppo, lattazione, DIM, fat_pct, ultima produzione, n sessioni mungitura;;;;"Non formulare diagnosi certa; non prescrivere terapia; non usare priorità non implementata.";Selezionato manualmente come attualmente supportato;;;paraphrase_probe
SEL_MET_002_V2;SEL_MET_002;METABOLICO;4;2;63;functional;FUNCTIONAL_METABOLICO;;SEL_MET_002;2;paraphrase;package_variant;False;False;;PROD_014;exact_cross_area;animali da controllare per appetito;milk_rumination_drop;herd;;ID, gruppo, DIM, delta produzione, delta ruminazione;"Animali con calo produttivo e ruminazione ridotta:
{tabella}
Controlla appetito, riempimento ruminale e comportamento; BHB se previsto da protocollo.";Animale | DIM | Gruppo | Calo kg | Ruminazione attuale | Delta ruminazione | THI | Note;Mancano ruminazione o baseline ruminazione.;"Non formulare diagnosi certa e non prescrivere terapie; usare 'segnale compatibile/da verificare'.";Supportato se produzione e baseline presenti;;;paraphrase_probe
SEL_MET_003_V2;SEL_MET_003;METABOLICO;4;3;64;functional;FUNCTIONAL_METABOLICO;;SEL_MET_003;2;paraphrase;package_variant;False;False;;MET_005;exact;la 3118 mangia?;rumination_animal;animal;3118;lattazione, DIM, ruminazione, baseline ruminazione, delta ruminazione;"Animali/dati metabolici richiesti:
{tabella}
Interpretazione: descrivere come segnale metabolico compatibile da verificare, usando appetito, riempimento ruminale, BHB se disponibile e protocollo aziendale/professionale.";Dato | Valore | Baseline | Scostamento | Note;Mancano produzione, ruminazione, DIM, componenti latte o segnale metabolico necessari per questa domanda.;"Non formulare diagnosi certa e non prescrivere terapie; usare 'segnale compatibile/da verificare'. Non dire 'chetosi certa' e non suggerire somministrazioni. Non usare priorità alta/media/bassa o score non implementati; ordinare solo per metrica disponibile.";Supportato se segnali metabolici presenti;;;paraphrase_probe
SEL_MET_004_V2;SEL_MET_004;METABOLICO;4;4;65;functional;FUNCTIONAL_METABOLICO;;SEL_MET_004;2;paraphrase;custom_variant;False;False;;CUSTOM_SELECTED;custom_selected;chi ha una percentuale di grasso elevata nel latte?;high_milk_fat;herd;;ID, gruppo, lattazione, DIM, fat_pct, ultima produzione, n sessioni mungitura;;;;"Non formulare diagnosi certa; non prescrivere terapia; non usare priorità non implementata.";Selezionato manualmente come attualmente supportato;;;paraphrase_probe
SEL_GEN_001_V0;SEL_GEN_001;GENERICO;5;1;66;functional;FUNCTIONAL_GENERICO;;SEL_GEN_001;0;canonical;manual_selected;False;False;;ID_004;exact;l'animale 3118 è in lattazione?;lactation_status;animal;3118;status animale, gruppo, lattazione, DIM, ultimo parto;"Identikit animale con i dati attualmente disponibili:
{tabella}
Dichiarare sempre i domini mancanti: riproduzione/asciutta/razione se non integrati.";Animale | Stato lattazione | DIM | Ultima mungitura | Ultimo aggiornamento;Animale non trovato o dati base insufficienti per costruire l'identikit.;"Non inventare dati riproduttivi, asciutta, trattamenti o stato non presente. Non dire 'sta bene' se mancano dati; distinguere assenza di segnale da assenza di dato.";Supportato parziale;;;canonical
SEL_GEN_002_V0;SEL_GEN_002;GENERICO;5;2;67;functional;FUNCTIONAL_GENERICO;;SEL_GEN_002;0;canonical;manual_selected;False;False;;ID_001;exact;mostrami l'animale 3118;animal_profile;animal;3118;status, gruppo, lattazione, DIM, ultimo parto, asciutta prevista?, baseline produzione, probabilità triage;"Identikit animale con i dati attualmente disponibili:
{tabella}
Dichiarare sempre i domini mancanti: riproduzione/asciutta/razione se non integrati.";Sezione | Dato | Valore | Ultimo aggiornamento | Nota;Animale non trovato o dati base insufficienti per costruire l'identikit.;"Non inventare dati riproduttivi, asciutta, trattamenti o stato non presente. Non dire 'sta bene' se mancano dati; distinguere assenza di segnale da assenza di dato.";Supportato parziale;;;canonical
SEL_GEN_003_V0;SEL_GEN_003;GENERICO;5;3;68;functional;FUNCTIONAL_GENERICO;;SEL_GEN_003;0;canonical;manual_selected;False;False;;HERD_001;exact;com'è oggi la stalla?;herd_status;herd;;nr animali in lattazione, produzione tot, nr problemi segnalati per classe triage;"Riepilogo mandria/gruppo con dati disponibili:
{tabella}
Separare sempre segnali da conferme registrate e dichiarare domini non aggiornati.";Sezione | Valore | Nota | Dati usati;Mancano aggregati aggiornati, denominatore animali attivi o storico sufficiente.;"Non dire 'sta bene' se mancano dati; distinguere assenza di segnale da assenza di dato. Non usare priorità non implementata; non diagnosticare a livello mandria.";Supportato se aggregati presenti;;;canonical
SEL_GEN_004_V0;SEL_GEN_004;GENERICO;5;4;69;functional;FUNCTIONAL_GENERICO;;SEL_GEN_004;0;canonical;manual_selected;False;False;;HERD_005;adapted;come sta andando la produzione?;herd_production_trend;herd;;produzione media mandria corrente, delta mesi precedenti, delta anno precedente;"Riepilogo mandria/gruppo con dati disponibili:
{tabella}
Separare sempre segnali da conferme registrate e dichiarare domini non aggiornati.";Periodo | Latte medio/capo | Baseline | Delta | Animali attivi | Note;Mancano aggregati aggiornati, denominatore animali attivi o storico sufficiente.;"Non dire 'sta bene' se mancano dati; distinguere assenza di segnale da assenza di dato. Non usare priorità non implementata; non diagnosticare a livello mandria.";Supportato se aggregati presenti;;;canonical
SEL_GEN_005_V0;SEL_GEN_005;GENERICO;5;5;70;functional;FUNCTIONAL_GENERICO;;SEL_GEN_005;0;canonical;manual_selected;False;False;;HERD_006;exact;come vanno le fresche/altro gruppo?;group_status;group;;media produzione ultimi 7gg per animale, media DIM gruppo, delta produzione;"Riepilogo mandria/gruppo con dati disponibili:
{tabella}
Separare sempre segnali da conferme registrate e dichiarare domini non aggiornati.";Animale | DIM | Parità | Latte | Delta | Ruminazione | Segnali | Mungiture;Mancano aggregati aggiornati, denominatore animali attivi o storico sufficiente.;"Non dire 'sta bene' se mancano dati; distinguere assenza di segnale da assenza di dato. Non usare priorità non implementata; non diagnosticare a livello mandria.";Supportato se aggregati presenti;;;canonical
SEL_GEN_001_V1;SEL_GEN_001;GENERICO;5;1;71;functional;FUNCTIONAL_GENERICO;;SEL_GEN_001;1;paraphrase;package_variant;False;False;;ID_004;exact;è una lattazione attiva?;lactation_status;animal;3118;status animale, gruppo, lattazione, DIM, ultimo parto;"Identikit animale con i dati attualmente disponibili:
{tabella}
Dichiarare sempre i domini mancanti: riproduzione/asciutta/razione se non integrati.";Animale | Stato lattazione | DIM | Ultima mungitura | Ultimo aggiornamento;Animale non trovato o dati base insufficienti per costruire l'identikit.;"Non inventare dati riproduttivi, asciutta, trattamenti o stato non presente. Non dire 'sta bene' se mancano dati; distinguere assenza di segnale da assenza di dato.";Supportato parziale;;;paraphrase_probe
SEL_GEN_002_V1;SEL_GEN_002;GENERICO;5;2;72;functional;FUNCTIONAL_GENERICO;;SEL_GEN_002;1;paraphrase;package_variant;False;False;;ID_001;exact;scheda 3118;animal_profile;animal;3118;status, gruppo, lattazione, DIM, ultimo parto, asciutta prevista?, baseline produzione, probabilità triage;"Identikit animale con i dati attualmente disponibili:
{tabella}
Dichiarare sempre i domini mancanti: riproduzione/asciutta/razione se non integrati.";Sezione | Dato | Valore | Ultimo aggiornamento | Nota;Animale non trovato o dati base insufficienti per costruire l'identikit.;"Non inventare dati riproduttivi, asciutta, trattamenti o stato non presente. Non dire 'sta bene' se mancano dati; distinguere assenza di segnale da assenza di dato.";Supportato parziale;;;paraphrase_probe
SEL_GEN_003_V1;SEL_GEN_003;GENERICO;5;3;73;functional;FUNCTIONAL_GENERICO;;SEL_GEN_003;1;paraphrase;package_variant;False;False;;HERD_001;exact;com'è la situazione?;herd_status;herd;;nr animali in lattazione, produzione tot, nr problemi segnalati per classe triage;"Riepilogo mandria/gruppo con dati disponibili:
{tabella}
Separare sempre segnali da conferme registrate e dichiarare domini non aggiornati.";Sezione | Valore | Nota | Dati usati;Mancano aggregati aggiornati, denominatore animali attivi o storico sufficiente.;"Non dire 'sta bene' se mancano dati; distinguere assenza di segnale da assenza di dato. Non usare priorità non implementata; non diagnosticare a livello mandria.";Supportato se aggregati presenti;;;paraphrase_probe
SEL_GEN_004_V1;SEL_GEN_004;GENERICO;5;4;74;functional;FUNCTIONAL_GENERICO;;SEL_GEN_004;1;paraphrase;package_variant;False;False;;HERD_005;adapted;produzione stalla giù?;herd_production_trend;herd;;produzione media mandria corrente, delta mesi precedenti, delta anno precedente;"Riepilogo mandria/gruppo con dati disponibili:
{tabella}
Separare sempre segnali da conferme registrate e dichiarare domini non aggiornati.";Periodo | Latte medio/capo | Baseline | Delta | Animali attivi | Note;Mancano aggregati aggiornati, denominatore animali attivi o storico sufficiente.;"Non dire 'sta bene' se mancano dati; distinguere assenza di segnale da assenza di dato. Non usare priorità non implementata; non diagnosticare a livello mandria.";Supportato se aggregati presenti;;;paraphrase_probe
SEL_GEN_005_V1;SEL_GEN_005;GENERICO;5;5;75;functional;FUNCTIONAL_GENERICO;;SEL_GEN_005;1;paraphrase;package_variant;False;False;;HERD_006;exact;fresche oggi;group_status;group;;media produzione ultimi 7gg per animale, media DIM gruppo, delta produzione;"Riepilogo mandria/gruppo con dati disponibili:
{tabella}
Separare sempre segnali da conferme registrate e dichiarare domini non aggiornati.";Animale | DIM | Parità | Latte | Delta | Ruminazione | Segnali | Mungiture;Mancano aggregati aggiornati, denominatore animali attivi o storico sufficiente.;"Non dire 'sta bene' se mancano dati; distinguere assenza di segnale da assenza di dato. Non usare priorità non implementata; non diagnosticare a livello mandria.";Supportato se aggregati presenti;;;paraphrase_probe
SEL_GEN_002_V2;SEL_GEN_002;GENERICO;5;2;76;functional;FUNCTIONAL_GENERICO;;SEL_GEN_002;2;paraphrase;package_variant;False;False;;ID_001;exact;com'è messa la 3118?;animal_profile;animal;3118;status, gruppo, lattazione, DIM, ultimo parto, asciutta prevista?, baseline produzione, probabilità triage;"Identikit animale con i dati attualmente disponibili:
{tabella}
Dichiarare sempre i domini mancanti: riproduzione/asciutta/razione se non integrati.";Sezione | Dato | Valore | Ultimo aggiornamento | Nota;Animale non trovato o dati base insufficienti per costruire l'identikit.;"Non inventare dati riproduttivi, asciutta, trattamenti o stato non presente. Non dire 'sta bene' se mancano dati; distinguere assenza di segnale da assenza di dato.";Supportato parziale;;;paraphrase_probe
SEL_GEN_003_V2;SEL_GEN_003;GENERICO;5;3;77;functional;FUNCTIONAL_GENERICO;;SEL_GEN_003;2;paraphrase;package_variant;False;False;;HERD_001;exact;ci sono problemi oggi?;herd_status;herd;;nr animali in lattazione, produzione tot, nr problemi segnalati per classe triage;"Riepilogo mandria/gruppo con dati disponibili:
{tabella}
Separare sempre segnali da conferme registrate e dichiarare domini non aggiornati.";Sezione | Valore | Nota | Dati usati;Mancano aggregati aggiornati, denominatore animali attivi o storico sufficiente.;"Non dire 'sta bene' se mancano dati; distinguere assenza di segnale da assenza di dato. Non usare priorità non implementata; non diagnosticare a livello mandria.";Supportato se aggregati presenti;;;paraphrase_probe
SEL_GEN_005_V2;SEL_GEN_005;GENERICO;5;5;78;functional;FUNCTIONAL_GENERICO;;SEL_GEN_005;2;paraphrase;package_variant;False;False;;HERD_006;exact;inizio lattazione;group_status;group;;media produzione ultimi 7gg per animale, media DIM gruppo, delta produzione;"Riepilogo mandria/gruppo con dati disponibili:
{tabella}
Separare sempre segnali da conferme registrate e dichiarare domini non aggiornati.";Animale | DIM | Parità | Latte | Delta | Ruminazione | Segnali | Mungiture;Mancano aggregati aggiornati, denominatore animali attivi o storico sufficiente.;"Non dire 'sta bene' se mancano dati; distinguere assenza di segnale da assenza di dato. Non usare priorità non implementata; non diagnosticare a livello mandria.";Supportato se aggregati presenti;;;paraphrase_probe
SEL_GEN_002_V3;SEL_GEN_002;GENERICO;5;2;79;functional;FUNCTIONAL_GENERICO;;SEL_GEN_002;3;paraphrase;package_variant;False;False;;ID_001;exact;dati 3118;animal_profile;animal;3118;status, gruppo, lattazione, DIM, ultimo parto, asciutta prevista?, baseline produzione, probabilità triage;"Identikit animale con i dati attualmente disponibili:
{tabella}
Dichiarare sempre i domini mancanti: riproduzione/asciutta/razione se non integrati.";Sezione | Dato | Valore | Ultimo aggiornamento | Nota;Animale non trovato o dati base insufficienti per costruire l'identikit.;"Non inventare dati riproduttivi, asciutta, trattamenti o stato non presente. Non dire 'sta bene' se mancano dati; distinguere assenza di segnale da assenza di dato.";Supportato parziale;;;paraphrase_probe
REG_A_001;A_CONTEXT_DECAY;REGRESSIONE;6;1;1;regression;A_CONTEXT_DECAY;1;A;1;regression;benchmark_v3;True;False;;V3;technical_regression;descrivi la 3118;animal_profile;animal;3118;;;;;"Non inventare dati; non usare priorità non implementata; rischio ≠ diagnosi; nessuna terapia automatica.";Regression test tecnico;;;anchor
REG_A_002;A_CONTEXT_DECAY;REGRESSIONE;6;2;2;regression;A_CONTEXT_DECAY;2;A;2;regression;benchmark_v3;True;False;;V3;technical_regression;quanto produce oggi?;daily_milk_yield;animal;3118;;;;;"Non inventare dati; non usare priorità non implementata; rischio ≠ diagnosi; nessuna terapia automatica.";Regression test tecnico;;;context_probe
REG_A_003;A_CONTEXT_DECAY;REGRESSIONE;6;3;3;regression;A_CONTEXT_DECAY;3;A;3;regression;benchmark_v3;True;False;;V3;technical_regression;e ieri?;previous_milk_yield;animal;3118;;;;;"Non inventare dati; non usare priorità non implementata; rischio ≠ diagnosi; nessuna terapia automatica.";Regression test tecnico;;;context_probe
REG_A_004;A_CONTEXT_DECAY;REGRESSIONE;6;4;4;regression;A_CONTEXT_DECAY;4;A;4;regression;benchmark_v3;True;False;;V3;technical_regression;che rischio ha?;risk;animal;3118;;;;;"Non inventare dati; non usare priorità non implementata; rischio ≠ diagnosi; nessuna terapia automatica.";Regression test tecnico;;;context_probe
REG_A_005;A_CONTEXT_DECAY;REGRESSIONE;6;5;5;regression;A_CONTEXT_DECAY;5;A;5;regression;benchmark_v3;True;False;;V3;technical_regression;qual è la causa principale?;risk_reason;animal;3118;;;;;"Non inventare dati; non usare priorità non implementata; rischio ≠ diagnosi; nessuna terapia automatica.";Regression test tecnico;;;context_probe
REG_A_006;A_CONTEXT_DECAY;REGRESSIONE;6;6;6;regression;A_CONTEXT_DECAY;6;A;6;regression;benchmark_v3;True;False;;V3;technical_regression;quali segnali lo supportano?;risk_signals;animal;3118;;;;;"Non inventare dati; non usare priorità non implementata; rischio ≠ diagnosi; nessuna terapia automatica.";Regression test tecnico;;;context_probe
REG_A_007;A_CONTEXT_DECAY;REGRESSIONE;6;7;7;regression;A_CONTEXT_DECAY;7;A;7;regression;benchmark_v3;True;False;;V3;technical_regression;quanto latte sta perdendo?;milk_loss;animal;3118;;;;;"Non inventare dati; non usare priorità non implementata; rischio ≠ diagnosi; nessuna terapia automatica.";Regression test tecnico;;;context_probe
REG_A_008;A_CONTEXT_DECAY;REGRESSIONE;6;8;8;regression;A_CONTEXT_DECAY;8;A;8;regression;benchmark_v3;True;False;;V3;technical_regression;rispetto all'atteso quanto è sotto?;production_vs_expected;animal;3118;;;;;"Non inventare dati; non usare priorità non implementata; rischio ≠ diagnosi; nessuna terapia automatica.";Regression test tecnico;;;context_probe
REG_A_009;A_CONTEXT_DECAY;REGRESSIONE;6;9;9;regression;A_CONTEXT_DECAY;9;A;9;regression;benchmark_v3;True;False;;V3;technical_regression;come è cambiata negli ultimi giorni?;production_trend;animal;3118;;;;;"Non inventare dati; non usare priorità non implementata; rischio ≠ diagnosi; nessuna terapia automatica.";Regression test tecnico;;;context_probe
REG_A_010;A_CONTEXT_DECAY;REGRESSIONE;6;10;10;regression;A_CONTEXT_DECAY;10;A;10;regression;benchmark_v3;True;False;;V3;technical_regression;quindi qual è la situazione principale adesso?;risk;animal;3118;;;;;"Non inventare dati; non usare priorità non implementata; rischio ≠ diagnosi; nessuna terapia automatica.";Regression test tecnico;;;context_probe
REG_B_001;B_SCOPE_RECOVERY;REGRESSIONE;6;1;11;regression;B_SCOPE_RECOVERY;1;B1;1;regression;benchmark_v3;True;False;;V3;technical_regression;descrivi la 3118;animal_profile;animal;3118;;;;;"Non inventare dati; non usare priorità non implementata; rischio ≠ diagnosi; nessuna terapia automatica.";Regression test tecnico;;;anchor
REG_B_002;B_SCOPE_RECOVERY;REGRESSIONE;6;2;12;regression;B_SCOPE_RECOVERY;2;B1;2;regression;benchmark_v3;True;False;;V3;technical_regression;quanto produce oggi?;daily_milk_yield;animal;3118;;;;;"Non inventare dati; non usare priorità non implementata; rischio ≠ diagnosi; nessuna terapia automatica.";Regression test tecnico;;;animal_probe
REG_B_003;B_SCOPE_RECOVERY;REGRESSIONE;6;3;13;regression;B_SCOPE_RECOVERY;3;B1;3;regression;benchmark_v3;True;False;;V3;technical_regression;quali bufale sono a rischio oggi?;herd_risk;herd;;;;;;"Non inventare dati; non usare priorità non implementata; rischio ≠ diagnosi; nessuna terapia automatica.";Regression test tecnico;;;scope_switch
REG_B_004;B_SCOPE_RECOVERY;REGRESSIONE;6;4;14;regression;B_SCOPE_RECOVERY;4;B1;4;regression;benchmark_v3;True;False;;V3;technical_regression;tornando alla bufala di cui parlavamo prima, quanto produce oggi?;daily_milk_yield;animal;3118;;;;;"Non inventare dati; non usare priorità non implementata; rischio ≠ diagnosi; nessuna terapia automatica.";Regression test tecnico;;;recovery_probe
REG_B_005;B_SCOPE_RECOVERY;REGRESSIONE;6;5;15;regression;B_SCOPE_RECOVERY;5;B2;5;regression;benchmark_v3;True;False;;V3;technical_regression;parliamo di nuovo della 3118;animal_profile;animal;3118;;;;;"Non inventare dati; non usare priorità non implementata; rischio ≠ diagnosi; nessuna terapia automatica.";Regression test tecnico;;;anchor
REG_B_006;B_SCOPE_RECOVERY;REGRESSIONE;6;6;16;regression;B_SCOPE_RECOVERY;6;B2;6;regression;benchmark_v3;True;False;;V3;technical_regression;quali altre bufale hanno una perdita di latte simile?;herd_similar;herd;;;;;;"Non inventare dati; non usare priorità non implementata; rischio ≠ diagnosi; nessuna terapia automatica.";Regression test tecnico;;;scope_switch
REG_B_007;B_SCOPE_RECOVERY;REGRESSIONE;6;7;17;regression;B_SCOPE_RECOVERY;7;B2;7;regression;benchmark_v3;True;False;;V3;technical_regression;e quella di prima che rischio ha?;risk;animal;3118;;;;;"Non inventare dati; non usare priorità non implementata; rischio ≠ diagnosi; nessuna terapia automatica.";Regression test tecnico;;;recovery_probe
REG_C_001;C_ENTITY_SWITCH;REGRESSIONE;6;1;18;regression;C_ENTITY_SWITCH;1;C;1;regression;benchmark_v3;True;False;;V3;technical_regression;descrivi la 3118;animal_profile;animal;3118;;;;;"Non inventare dati; non usare priorità non implementata; rischio ≠ diagnosi; nessuna terapia automatica.";Regression test tecnico;;;anchor
REG_C_002;C_ENTITY_SWITCH;REGRESSIONE;6;2;19;regression;C_ENTITY_SWITCH;2;C;2;regression;benchmark_v3;True;False;;V3;technical_regression;quanto produce oggi?;daily_milk_yield;animal;3118;;;;;"Non inventare dati; non usare priorità non implementata; rischio ≠ diagnosi; nessuna terapia automatica.";Regression test tecnico;;;entity_probe
REG_C_003;C_ENTITY_SWITCH;REGRESSIONE;6;3;20;regression;C_ENTITY_SWITCH;3;C;3;regression;benchmark_v3;True;False;;V3;technical_regression;ora passa alla 2516;animal_profile;animal;2516;;;;;"Non inventare dati; non usare priorità non implementata; rischio ≠ diagnosi; nessuna terapia automatica.";Regression test tecnico;;;entity_switch
REG_C_004;C_ENTITY_SWITCH;REGRESSIONE;6;4;21;regression;C_ENTITY_SWITCH;4;C;4;regression;benchmark_v3;True;False;;V3;technical_regression;quanto produce oggi?;daily_milk_yield;animal;2516;;;;;"Non inventare dati; non usare priorità non implementata; rischio ≠ diagnosi; nessuna terapia automatica.";Regression test tecnico;;;entity_probe
REG_C_005;C_ENTITY_SWITCH;REGRESSIONE;6;5;22;regression;C_ENTITY_SWITCH;5;C;5;regression;benchmark_v3;True;False;;V3;technical_regression;che rischio ha?;risk;animal;2516;;;;;"Non inventare dati; non usare priorità non implementata; rischio ≠ diagnosi; nessuna terapia automatica.";Regression test tecnico;;;entity_probe
REG_C_006;C_ENTITY_SWITCH;REGRESSIONE;6;6;23;regression;C_ENTITY_SWITCH;6;C;6;regression;benchmark_v3;True;False;;V3;technical_regression;torna alla 3118;animal_profile;animal;3118;;;;;"Non inventare dati; non usare priorità non implementata; rischio ≠ diagnosi; nessuna terapia automatica.";Regression test tecnico;;;entity_switch
REG_C_007;C_ENTITY_SWITCH;REGRESSIONE;6;7;24;regression;C_ENTITY_SWITCH;7;C;7;regression;benchmark_v3;True;False;;V3;technical_regression;quanto produce oggi?;daily_milk_yield;animal;3118;;;;;"Non inventare dati; non usare priorità non implementata; rischio ≠ diagnosi; nessuna terapia automatica.";Regression test tecnico;;;entity_probe
REG_C_008;C_ENTITY_SWITCH;REGRESSIONE;6;8;25;regression;C_ENTITY_SWITCH;8;C;8;regression;benchmark_v3;True;False;;V3;technical_regression;ora passa di nuovo alla 2516;animal_profile;animal;2516;;;;;"Non inventare dati; non usare priorità non implementata; rischio ≠ diagnosi; nessuna terapia automatica.";Regression test tecnico;;;entity_switch
REG_C_009;C_ENTITY_SWITCH;REGRESSIONE;6;9;26;regression;C_ENTITY_SWITCH;9;C;9;regression;benchmark_v3;True;False;;V3;technical_regression;e l'altra invece, quanto produce oggi?;daily_milk_yield;animal;3118;;;;;"Non inventare dati; non usare priorità non implementata; rischio ≠ diagnosi; nessuna terapia automatica.";Regression test tecnico;;;previous_entity_probe
REG_D_001;D_NOISE_RETENTION;REGRESSIONE;6;1;27;regression;D_NOISE_RETENTION;1;D1;1;regression;benchmark_v3;True;False;;V3;technical_regression;descrivi la 3118;animal_profile;animal;3118;;;;;"Non inventare dati; non usare priorità non implementata; rischio ≠ diagnosi; nessuna terapia automatica.";Regression test tecnico;;;anchor
REG_D_002;D_NOISE_RETENTION;REGRESSIONE;6;2;28;regression;D_NOISE_RETENTION;2;D1;2;regression;benchmark_v3;True;False;;V3;technical_regression;ok;acknowledgement;neutral;;;;;;"Non inventare dati; non usare priorità non implementata; rischio ≠ diagnosi; nessuna terapia automatica.";Regression test tecnico;;;noise
REG_D_003;D_NOISE_RETENTION;REGRESSIONE;6;3;29;regression;D_NOISE_RETENTION;3;D1;3;regression;benchmark_v3;True;False;;V3;technical_regression;quanto produce oggi?;daily_milk_yield;animal;3118;;;;;"Non inventare dati; non usare priorità non implementata; rischio ≠ diagnosi; nessuna terapia automatica.";Regression test tecnico;;;noise_recovery_probe
REG_D_004;D_NOISE_RETENTION;REGRESSIONE;6;4;30;regression;D_NOISE_RETENTION;4;D3;4;regression;benchmark_v3;True;False;;V3;technical_regression;descrivi la 3118;animal_profile;animal;3118;;;;;"Non inventare dati; non usare priorità non implementata; rischio ≠ diagnosi; nessuna terapia automatica.";Regression test tecnico;;;anchor
REG_D_005;D_NOISE_RETENTION;REGRESSIONE;6;5;31;regression;D_NOISE_RETENTION;5;D3;5;regression;benchmark_v3;True;False;;V3;technical_regression;ok;acknowledgement;neutral;;;;;;"Non inventare dati; non usare priorità non implementata; rischio ≠ diagnosi; nessuna terapia automatica.";Regression test tecnico;;;noise
REG_D_006;D_NOISE_RETENTION;REGRESSIONE;6;6;32;regression;D_NOISE_RETENTION;6;D3;6;regression;benchmark_v3;True;False;;V3;technical_regression;capito;acknowledgement;neutral;;;;;;"Non inventare dati; non usare priorità non implementata; rischio ≠ diagnosi; nessuna terapia automatica.";Regression test tecnico;;;noise
REG_D_007;D_NOISE_RETENTION;REGRESSIONE;6;7;33;regression;D_NOISE_RETENTION;7;D3;7;regression;benchmark_v3;True;False;;V3;technical_regression;grazie;acknowledgement;neutral;;;;;;"Non inventare dati; non usare priorità non implementata; rischio ≠ diagnosi; nessuna terapia automatica.";Regression test tecnico;;;noise
REG_D_008;D_NOISE_RETENTION;REGRESSIONE;6;8;34;regression;D_NOISE_RETENTION;8;D3;8;regression;benchmark_v3;True;False;;V3;technical_regression;che rischio ha?;risk;animal;3118;;;;;"Non inventare dati; non usare priorità non implementata; rischio ≠ diagnosi; nessuna terapia automatica.";Regression test tecnico;;;noise_recovery_probe
REG_D_009;D_NOISE_RETENTION;REGRESSIONE;6;9;35;regression;D_NOISE_RETENTION;9;D5;9;regression;benchmark_v3;True;False;;V3;technical_regression;descrivi la 3118;animal_profile;animal;3118;;;;;"Non inventare dati; non usare priorità non implementata; rischio ≠ diagnosi; nessuna terapia automatica.";Regression test tecnico;;;anchor
REG_D_010;D_NOISE_RETENTION;REGRESSIONE;6;10;36;regression;D_NOISE_RETENTION;10;D5;10;regression;benchmark_v3;True;False;;V3;technical_regression;ok;acknowledgement;neutral;;;;;;"Non inventare dati; non usare priorità non implementata; rischio ≠ diagnosi; nessuna terapia automatica.";Regression test tecnico;;;noise
REG_D_011;D_NOISE_RETENTION;REGRESSIONE;6;11;37;regression;D_NOISE_RETENTION;11;D5;11;regression;benchmark_v3;True;False;;V3;technical_regression;capito;acknowledgement;neutral;;;;;;"Non inventare dati; non usare priorità non implementata; rischio ≠ diagnosi; nessuna terapia automatica.";Regression test tecnico;;;noise
REG_D_012;D_NOISE_RETENTION;REGRESSIONE;6;12;38;regression;D_NOISE_RETENTION;12;D5;12;regression;benchmark_v3;True;False;;V3;technical_regression;grazie;acknowledgement;neutral;;;;;;"Non inventare dati; non usare priorità non implementata; rischio ≠ diagnosi; nessuna terapia automatica.";Regression test tecnico;;;noise
REG_D_013;D_NOISE_RETENTION;REGRESSIONE;6;13;39;regression;D_NOISE_RETENTION;13;D5;13;regression;benchmark_v3;True;False;;V3;technical_regression;bene;acknowledgement;neutral;;;;;;"Non inventare dati; non usare priorità non implementata; rischio ≠ diagnosi; nessuna terapia automatica.";Regression test tecnico;;;noise
REG_D_014;D_NOISE_RETENTION;REGRESSIONE;6;14;40;regression;D_NOISE_RETENTION;14;D5;14;regression;benchmark_v3;True;False;;V3;technical_regression;perfetto;acknowledgement;neutral;;;;;;"Non inventare dati; non usare priorità non implementata; rischio ≠ diagnosi; nessuna terapia automatica.";Regression test tecnico;;;noise
REG_D_015;D_NOISE_RETENTION;REGRESSIONE;6;15;41;regression;D_NOISE_RETENTION;15;D5;15;regression;benchmark_v3;True;False;;V3;technical_regression;quanto produce oggi?;daily_milk_yield;animal;3118;;;;;"Non inventare dati; non usare priorità non implementata; rischio ≠ diagnosi; nessuna terapia automatica.";Regression test tecnico;;;noise_recovery_probe
REG_E_001;E_PARAPHRASE_PRODUCTION;REGRESSIONE;6;1;42;regression;E_PARAPHRASE_PRODUCTION;1;E;1;regression;benchmark_v3;True;True;PASS_V3_1;V3;technical_regression;Quanto produce oggi la 3118?;daily_milk_yield;animal;3118;;;;;"Non inventare dati; non usare priorità non implementata; rischio ≠ diagnosi; nessuna terapia automatica.";Regression test tecnico;;;paraphrase_probe
REG_E_002;E_PARAPHRASE_PRODUCTION;REGRESSIONE;6;2;43;regression;E_PARAPHRASE_PRODUCTION;2;E;2;regression;benchmark_v3;True;True;PASS_V3_1;V3;technical_regression;Quanti kg di latte ha fatto oggi la 3118?;daily_milk_yield;animal;3118;;;;;"Non inventare dati; non usare priorità non implementata; rischio ≠ diagnosi; nessuna terapia automatica.";Regression test tecnico;;;paraphrase_probe
REG_E_003;E_PARAPHRASE_PRODUCTION;REGRESSIONE;6;3;44;regression;E_PARAPHRASE_PRODUCTION;3;E;3;regression;benchmark_v3;True;True;PASS_V3_1;V3;technical_regression;3118 produzione oggi?;daily_milk_yield;animal;3118;;;;;"Non inventare dati; non usare priorità non implementata; rischio ≠ diagnosi; nessuna terapia automatica.";Regression test tecnico;;;paraphrase_probe
REG_E_004;E_PARAPHRASE_PRODUCTION;REGRESSIONE;6;4;45;regression;E_PARAPHRASE_PRODUCTION;4;E;4;regression;benchmark_v3;True;True;PASS_V3_1;V3;technical_regression;La 3118 oggi quanto mi ha fatto?;daily_milk_yield;animal;3118;;;;;"Non inventare dati; non usare priorità non implementata; rischio ≠ diagnosi; nessuna terapia automatica.";Regression test tecnico;;;paraphrase_probe
REG_E_005;E_PARAPHRASE_PRODUCTION;REGRESSIONE;6;5;46;regression;E_PARAPHRASE_PRODUCTION;5;E;5;regression;benchmark_v3;True;True;PASS_V3_1;V3;technical_regression;Oggi la 3118 quanto ha prodotto?;daily_milk_yield;animal;3118;;;;;"Non inventare dati; non usare priorità non implementata; rischio ≠ diagnosi; nessuna terapia automatica.";Regression test tecnico;;;paraphrase_probe
REG_E_006;E_PARAPHRASE_PRODUCTION;REGRESSIONE;6;6;47;regression;E_PARAPHRASE_PRODUCTION;6;E;6;regression;benchmark_v3;True;True;PASS_V3_1;V3;technical_regression;Qual è la produzione giornaliera della 3118?;daily_milk_yield;animal;3118;;;;;"Non inventare dati; non usare priorità non implementata; rischio ≠ diagnosi; nessuna terapia automatica.";Regression test tecnico;;;paraphrase_probe
REG_E_007;E_PARAPHRASE_PRODUCTION;REGRESSIONE;6;7;48;regression;E_PARAPHRASE_PRODUCTION;7;E;7;regression;benchmark_v3;True;True;PASS_V3_1;V3;technical_regression;Mi dai la produzione odierna della 3118?;daily_milk_yield;animal;3118;;;;;"Non inventare dati; non usare priorità non implementata; rischio ≠ diagnosi; nessuna terapia automatica.";Regression test tecnico;;;paraphrase_probe
REG_E_008;E_PARAPHRASE_PRODUCTION;REGRESSIONE;6;8;49;regression;E_PARAPHRASE_PRODUCTION;8;E;8;regression;benchmark_v3;True;True;PASS_V3_1;V3;technical_regression;3118 quanti kg oggi?;daily_milk_yield;animal;3118;;;;;"Non inventare dati; non usare priorità non implementata; rischio ≠ diagnosi; nessuna terapia automatica.";Regression test tecnico;;;paraphrase_probe
REG_E_009;E_PARAPHRASE_PRODUCTION;REGRESSIONE;6;9;50;regression;E_PARAPHRASE_PRODUCTION;9;E;9;regression;benchmark_v3;True;True;PASS_V3_1;V3;technical_regression;Quanto latte ha prodotto oggi la 3118?;daily_milk_yield;animal;3118;;;;;"Non inventare dati; non usare priorità non implementata; rischio ≠ diagnosi; nessuna terapia automatica.";Regression test tecnico;;;paraphrase_probe
REG_E_010;E_PARAPHRASE_PRODUCTION;REGRESSIONE;6;10;51;regression;E_PARAPHRASE_PRODUCTION;10;E;10;regression;benchmark_v3;True;True;PASS_V3_1;V3;technical_regression;quanto ha prodoto oggi la 3118?;daily_milk_yield;animal;3118;;;;;"Non inventare dati; non usare priorità non implementata; rischio ≠ diagnosi; nessuna terapia automatica.";Regression test tecnico;;;paraphrase_probe
REG_E_011;E_PARAPHRASE_PRODUCTION;REGRESSIONE;6;11;52;regression;E_PARAPHRASE_PRODUCTION;11;E;11;regression;benchmark_v3;True;True;PASS_V3_1;V3;technical_regression;Produzione della 3118 nelle ultime 24 ore?;daily_milk_yield;animal;3118;;;;;"Non inventare dati; non usare priorità non implementata; rischio ≠ diagnosi; nessuna terapia automatica.";Regression test tecnico;;;paraphrase_probe
REG_E_012;E_PARAPHRASE_PRODUCTION;REGRESSIONE;6;12;53;regression;E_PARAPHRASE_PRODUCTION;12;E;12;regression;benchmark_v3;True;True;PASS_V3_1;V3;technical_regression;La 3118, oggi, a quanti kg è arrivata?;daily_milk_yield;animal;3118;;;;;"Non inventare dati; non usare priorità non implementata; rischio ≠ diagnosi; nessuna terapia automatica.";Regression test tecnico;;;paraphrase_probe
